{
        "command" : "scaling_test.out 5,seed=0,safety_margin=0.3|15|step;erase_create",
        "results" : {
                "64,1" : {
                        "steps" : [0.048656, 6.578660, 18.832823, 64.794701, 1.495375, 0.177936, 0.131419, 0.000016, 0.063185],
                        "total" : 92.153861
                },
                "32,2" : {
                        "steps" : [0.015492, 0.605244, 11.219612, 37.551571, 0.643435, 0.023401, 0.026787, 0.018372, 0.000963],
                        "total" : 50.108633
                },
                "16,4" : {
                        "steps" : [0.006184, 0.522013, 10.117849, 37.488492, 0.535829, 0.019263, 0.023790, 0.065138, 0.001035],
                        "total" : 48.782303
                },
                "8,8" : {
                        "steps" : [0.006229, 0.548754, 10.788576, 30.175725, 0.478004, 0.014626, 0.021207, 0.159576, 0.000995],
                        "total" : 42.196118
                },
                "4,16" : {
                        "steps" : [0.006138, 0.497750, 11.089196, 26.942797, 0.472484, 0.010997, 0.019022, 0.063976, 0.000935],
                        "total" : 39.105719
                },
                "2,32" : {
                        "steps" : [0.006195, 0.359966, 10.284666, 32.815459, 0.449695, 0.009670, 0.017256, 0.127039, 0.000939],
                        "total" : 44.073066
                },
                "1,64" : {
                        "steps" : [0.005864, 0.851591, 8.620690, 30.418399, 0.591531, 0.008084, 0.016609, 0.094332, 0.000835],
                        "total" : 40.609736
                },
                "32,1" : {
                        "steps" : [0.019555, 5.577061, 28.387437, 55.354463, 1.327571, 0.077327, 0.119064, 0.000015, 0.002056],
                        "total" : 90.871175
                },
                "16,2" : {
                        "steps" : [0.016380, 0.912112, 22.274983, 65.529698, 0.979255, 0.033940, 0.045236, 0.210863, 0.001491],
                        "total" : 90.008681
                },
                "8,4" : {
                        "steps" : [0.015345, 0.820008, 20.548750, 52.960985, 0.979983, 0.029113, 0.043768, 0.098309, 0.001521],
                        "total" : 75.502353
                },
                "4,8" : {
                        "steps" : [0.015057, 0.827481, 21.735640, 43.505675, 0.849567, 0.021581, 0.036304, 0.195430, 0.001493],
                        "total" : 67.192356
                },
                "2,16" : {
                        "steps" : [0.015078, 1.918845, 24.269174, 42.890506, 0.929677, 0.019487, 0.034960, 0.109483, 0.001500],
                        "total" : 70.192336
                },
                "1,32" : {
                        "steps" : [0.014427, 1.090599, 21.562950, 52.743991, 0.926155, 0.016426, 0.031087, 0.288195, 0.001351],
                        "total" : 76.678735
                },
                "16,1" : {
                        "steps" : [0.035462, 6.366123, 56.138993, 150.844093, 2.111733, 0.110457, 0.152617, 0.000016, 0.003260],
                        "total" : 215.772490
                },
                "8,2" : {
                        "steps" : [0.031283, 1.631430, 44.184966, 96.597099, 1.695595, 0.053310, 0.074551, 0.247870, 0.002765],
                        "total" : 144.527499
                },
                "4,4" : {
                        "steps" : [0.029863, 1.498801, 41.163425, 73.207090, 1.690649, 0.045117, 0.069937, 0.349808, 0.002609],
                        "total" : 118.065638
                },
                "2,8" : {
                        "steps" : [0.029842, 1.999805, 49.368223, 68.605891, 1.841516, 0.038376, 0.063164, 0.197968, 0.002537],
                        "total" : 122.154988
                },
                "1,16" : {
                        "steps" : [0.031164, 2.325564, 51.668439, 69.851823, 1.678313, 0.035920, 0.061275, 0.274354, 0.002705],
                        "total" : 125.937513
                },
                "8,1" : {
                        "steps" : [0.068255, 8.583179, 112.524430, 211.225782, 4.383090, 0.166824, 0.223977, 0.000017, 0.006092],
                        "total" : 337.201562
                },
                "4,2" : {
                        "steps" : [0.060090, 1.735771, 88.503241, 109.041902, 3.188832, 0.086026, 0.127949, 0.321937, 0.003214],
                        "total" : 203.080375
                },
                "2,4" : {
                        "steps" : [0.059294, 1.562131, 79.189918, 118.475069, 2.909952, 0.079718, 0.125003, 0.545495, 0.003257],
                        "total" : 202.961013
                },
                "1,8" : {
                        "steps" : [0.057779, 2.451515, 96.033038, 105.086831, 2.003266, 0.064255, 0.125210, 0.439791, 0.003189],
                        "total" : 206.274968
                },
                "4,1" : {
                        "steps" : [0.133781, 9.267124, 223.213223, 261.443262, 7.165565, 0.271102, 0.385984, 0.000037, 0.008194],
                        "total" : 501.911410
                },
                "2,2" : {
                        "steps" : [0.115168, 1.768779, 170.791733, 195.594355, 5.150896, 0.147049, 0.236409, 0.613560, 0.005192],
                        "total" : 374.444094
                },
                "1,4" : {
                        "steps" : [0.113019, 1.623289, 160.316747, 206.887278, 2.985799, 0.133011, 0.229593, 1.446999, 0.005297],
                        "total" : 373.760877
                },
                "2,1" : {
                        "steps" : [0.256347, 10.226817, 442.484997, 336.250749, 11.462943, 0.471322, 0.689200, 0.000013, 0.012483],
                        "total" : 801.899453
                },
                "1,2" : {
                        "steps" : [0.227282, 2.554299, 342.295488, 303.537226, 6.292642, 0.269265, 0.457284, 1.968009, 0.010290],
                        "total" : 657.651770
                },
                "1,1" : {
                        "steps" : [0.498038, 12.522054, 880.027612, 918.000671, 15.138474, 0.676396, 1.199909, 0.000015, 0.023692],
                        "total" : 1828.171770
                }
        }
}