{
    "command": "scaling_test.out 9,safety_margin=0.2,seed=0|14|step;erase_create", 
    "results": {
        "18,52": {
            "num_object": 9009471, 
            "total": 18.564276, 
            "steps": [
                0.005711, 
                0.221205, 
                3.340493, 
                14.900618, 
                0.0, 
                0.022526, 
                0.030191, 
                0.039707, 
                0.001036
            ]
        }, 
        "18,28": {
            "num_object": 9009471, 
            "total": 30.075993, 
            "steps": [
                0.009398, 
                0.303294, 
                5.868366, 
                23.75416, 
                0.0, 
                0.039026, 
                0.048025, 
                0.047186, 
                0.00114
            ]
        }, 
        "18,58": {
            "num_object": 9009471, 
            "total": 16.504697, 
            "steps": [
                0.005093, 
                0.184465, 
                2.924715, 
                13.274873, 
                0.0, 
                0.022079, 
                0.027914, 
                0.051103, 
                0.011816
            ]
        }, 
        "18,70": {
            "num_object": 9009471, 
            "total": 14.588255, 
            "steps": [
                0.003887, 
                0.195632, 
                2.586915, 
                11.702323, 
                0.0, 
                0.017037, 
                0.02643, 
                0.052642, 
                0.00133
            ]
        }, 
        "18,82": {
            "num_object": 9009471, 
            "total": 12.807989, 
            "steps": [
                0.003339, 
                0.132908, 
                1.992077, 
                10.580989, 
                0.0, 
                0.02025, 
                0.024603, 
                0.047292, 
                0.004768
            ]
        }, 
        "18,16": {
            "num_object": 9009471, 
            "total": 49.481823, 
            "steps": [
                0.011681, 
                0.676444, 
                11.288934, 
                37.343365, 
                0.0, 
                0.052591, 
                0.061386, 
                0.036674, 
                0.001509
            ]
        }, 
        "18,20": {
            "num_object": 9009471, 
            "total": 41.091022, 
            "steps": [
                0.010292, 
                0.480114, 
                8.865637, 
                31.57998, 
                0.0, 
                0.055224, 
                0.059171, 
                0.0212, 
                0.012064
            ]
        }, 
        "18,32": {
            "num_object": 9009471, 
            "total": 26.850594, 
            "steps": [
                0.009376, 
                0.28855, 
                5.782758, 
                20.586487, 
                0.0, 
                0.035313, 
                0.043369, 
                0.096969, 
                0.003084
            ]
        }, 
        "18,40": {
            "num_object": 9009471, 
            "total": 21.914055, 
            "steps": [
                0.007055, 
                0.221539, 
                4.143803, 
                17.431171, 
                0.0, 
                0.029473, 
                0.037748, 
                0.038105, 
                0.001559
            ]
        }, 
        "18,64": {
            "num_object": 9009471, 
            "total": 15.795106, 
            "steps": [
                0.00492, 
                0.247973, 
                3.308544, 
                12.12022, 
                0.0, 
                0.017409, 
                0.025257, 
                0.06747, 
                0.001047
            ]
        }, 
        "18,24": {
            "num_object": 9009471, 
            "total": 33.520902, 
            "steps": [
                0.008908, 
                0.419331, 
                7.503376, 
                25.452435, 
                0.0, 
                0.043076, 
                0.048542, 
                0.032488, 
                0.006792
            ]
        }, 
        "18,36": {
            "num_object": 9009471, 
            "total": 24.445664, 
            "steps": [
                0.006658, 
                0.30303, 
                5.103572, 
                18.907369, 
                0.0, 
                0.028467, 
                0.036474, 
                0.050729, 
                0.005349
            ]
        }, 
        "18,2": {
            "num_object": 2311520, 
            "total": 128.200133, 
            "steps": [
                0.038964, 
                2.346452, 
                33.276778, 
                91.640395, 
                0.507253, 
                0.082047, 
                0.099868, 
                0.174673, 
                0.003929
            ]
        }, 
        "18,76": {
            "num_object": 9009471, 
            "total": 13.282012, 
            "steps": [
                0.003429, 
                0.165792, 
                2.66285, 
                10.344112, 
                0.0, 
                0.016881, 
                0.023081, 
                0.062918, 
                0.001183
            ]
        }, 
        "18,12": {
            "num_object": 9009471, 
            "total": 63.657984, 
            "steps": [
                0.015295, 
                1.17292, 
                15.361819, 
                46.922671, 
                0.0, 
                0.076755, 
                0.066734, 
                0.027731, 
                0.001703
            ]
        }, 
        "18,4": {
            "num_object": 5132820, 
            "total": 126.699202, 
            "steps": [
                0.030407, 
                2.21399, 
                29.616821, 
                94.280258, 
                0.311648, 
                0.090657, 
                0.093709, 
                0.034053, 
                0.003415
            ]
        }, 
        "18,8": {
            "num_object": 9009471, 
            "total": 96.044315, 
            "steps": [
                0.0237, 
                1.680582, 
                22.941729, 
                71.158724, 
                0.0, 
                0.112491, 
                0.0901, 
                0.015984, 
                0.002443
            ]
        }, 
        "18,46": {
            "num_object": 9009471, 
            "total": 19.611515, 
            "steps": [
                0.006861, 
                0.2165, 
                4.191392, 
                15.09968, 
                0.0, 
                0.025485, 
                0.033908, 
                0.033283, 
                0.001034
            ]
        }
    }
}