{
        "command" : "scaling_test.out 8,max_num_object=30000000,seed=0|15|step;split_merge",
        "results" : {
                "32,2" : {
                        "steps" : [0.367881, 0.934281, 32.925684, 6.917603, 17.342326, 1.535263, 1.706131, 0.065834, 0.025726],
                        "num_object" : 30000000,
                        "total" : 62.074561
                },
                "64,1" : {
                        "steps" : [0.438086, 7.344473, 32.895962, 7.491891, 21.967531, 3.135279, 2.728007, 0.000076, 0.080613],
                        "num_object" : 30000000,
                        "total" : 76.305537
                },
                "16,4" : {
                        "steps" : [0.355889, 0.847753, 32.753286, 6.083831, 16.853567, 0.945558, 1.386485, 1.057801, 0.025163],
                        "num_object" : 30000000,
                        "total" : 60.515555
                },
                "8,8" : {
                        "steps" : [0.359065, 0.697821, 31.813712, 8.470930, 15.169044, 0.570277, 1.485005, 1.990833, 0.066036],
                        "num_object" : 30000000,
                        "total" : 60.853248
                },
                "4,16" : {
                        "steps" : [0.344302, 0.630593, 31.585355, 7.248775, 12.489562, 0.393310, 1.243240, 2.026433, 0.025257],
                        "num_object" : 30000000,
                        "total" : 56.183728
                },
                "2,32" : {
                        "steps" : [0.340686, 0.567739, 31.490696, 8.900219, 11.610617, 0.373046, 1.185596, 2.413665, 0.025324],
                        "num_object" : 30000000,
                        "total" : 57.118230
                },
                "1,64" : {
                        "steps" : [0.344067, 0.599477, 31.940239, 11.390789, 10.642896, 0.251849, 1.193568, 3.201163, 0.025877],
                        "num_object" : 30000000,
                        "total" : 59.789285
                },
                "32,1" : {
                        "steps" : [0.802250, 7.033362, 62.835229, 6.881390, 29.165092, 3.391044, 5.191033, 0.000087, 0.059870],
                        "num_object" : 30000000,
                        "total" : 115.749008
                },
                "16,2" : {
                        "steps" : [0.853311, 1.478403, 65.206497, 11.093216, 30.852655, 1.581263, 6.498946, 0.459372, 0.065464],
                        "num_object" : 30000000,
                        "total" : 118.540353
                },
                "8,4" : {
                        "steps" : [0.846622, 1.381537, 64.705107, 12.302104, 27.860016, 1.131585, 4.977326, 1.990693, 0.070243],
                        "num_object" : 30000000,
                        "total" : 115.727613
                },
                "4,8" : {
                        "steps" : [0.835313, 0.998009, 63.264094, 15.981495, 23.700481, 0.956698, 4.225438, 2.537195, 0.048284],
                        "num_object" : 30000000,
                        "total" : 112.959874
                },
                "2,16" : {
                        "steps" : [0.800431, 0.983830, 62.399992, 15.097368, 22.359790, 0.782090, 4.016620, 2.474687, 0.050374],
                        "num_object" : 30000000,
                        "total" : 109.366864
                },
                "1,32" : {
                        "steps" : [0.774563, 0.891066, 62.524286, 17.111758, 21.100899, 0.568167, 4.438979, 3.602248, 0.047421],
                        "num_object" : 30000000,
                        "total" : 111.438167
                },
                "16,1" : {
                        "steps" : [1.516131, 7.936838, 124.532715, 12.638043, 48.517770, 3.928544, 9.895768, 0.000096, 0.082020],
                        "num_object" : 30000000,
                        "total" : 209.759684
                },
                "8,2" : {
                        "steps" : [1.611858, 2.412884, 132.079216, 14.536191, 48.917448, 1.917002, 9.212470, 1.330633, 0.079025],
                        "num_object" : 30000000,
                        "total" : 212.869058
                },
                "4,4" : {
                        "steps" : [1.646870, 1.679090, 128.335991, 17.982133, 45.392523, 1.599840, 8.084399, 0.278389, 0.082217],
                        "num_object" : 30000000,
                        "total" : 205.845026
                },
                "2,8" : {
                        "steps" : [1.497100, 1.264716, 125.314501, 26.395281, 41.407974, 1.154077, 7.077286, 4.791885, 0.078979],
                        "num_object" : 30000000,
                        "total" : 209.734338
                },
                "1,16" : {
                        "steps" : [1.493908, 1.536091, 123.755524, 25.930275, 41.136989, 0.971981, 6.956211, 5.718125, 0.079163],
                        "num_object" : 30000000,
                        "total" : 208.352482
                },
                "8,1" : {
                        "steps" : [3.085980, 9.736460, 249.339268, 17.431825, 80.468231, 5.869927, 13.862375, 0.000108, 0.154941],
                        "num_object" : 30000000,
                        "total" : 381.426741
                },
                "4,2" : {
                        "steps" : [3.155901, 3.157467, 259.566620, 21.927019, 80.674517, 2.822719, 14.842586, 5.814406, 0.150010],
                        "num_object" : 30000000,
                        "total" : 393.571264
                },
                "2,4" : {
                        "steps" : [3.097875, 2.784213, 258.729990, 28.044239, 83.544277, 2.596608, 13.526936, 5.096373, 0.163650],
                        "num_object" : 30000000,
                        "total" : 399.005727
                },
                "1,8" : {
                        "steps" : [3.004576, 2.349039, 251.648318, 49.409959, 79.165072, 2.050711, 12.330792, 13.457137, 0.162062],
                        "num_object" : 30000000,
                        "total" : 415.197475
                },
                "4,1" : {
                        "steps" : [5.995233, 10.069058, 493.968427, 22.136426, 154.101246, 9.068597, 22.087777, 0.000111, 0.160918],
                        "num_object" : 30000000,
                        "total" : 720.320526
                },
                "2,2" : {
                        "steps" : [5.939851, 3.268766, 515.865601, 27.874336, 159.866991, 4.514336, 25.288410, 10.688644, 0.154793],
                        "num_object" : 30000000,
                        "total" : 756.189609
                },
                "1,4" : {
                        "steps" : [6.076763, 3.003620, 512.340606, 43.867420, 159.543044, 4.277294, 24.703713, 11.994237, 0.165179],
                        "num_object" : 30000000,
                        "total" : 768.941280
                },
                "2,1" : {
                        "steps" : [10.911071, 12.123735, 985.141693, 31.037009, 309.158085, 14.534943, 41.162178, 0.000104, 0.231147],
                        "num_object" : 30000000,
                        "total" : 1409.140558
                },
                "1,2" : {
                        "steps" : [11.624075, 4.146274, 1027.092862, 45.450781, 314.615328, 8.069377, 47.176432, 13.424491, 0.233885],
                        "num_object" : 30000000,
                        "total" : 1478.941505
                },
                "1,1" : {
                        "steps" : [21.014963, 15.671981, 1957.412349, 32.608382, 628.665781, 24.977880, 78.604333, 0.000114, 0.454154],
                        "num_object" : 30000000,
                        "total" : 2768.545415
                }
        }
}