{
        "command" : "scaling_test.out 8,max_num_object=30000000,seed=0|15|step;split_merge",
        "results" : {
                "32,2" : {
                        "steps" : [0.363660, 0.894771, 32.773658, 7.121718, 16.972498, 1.489911, 1.714478, 0.433169, 0.026653],
                        "num_object" : 30000000,
                        "total" : 62.046011
                },
                "64,1" : {
                        "steps" : [0.499750, 6.921613, 35.589802, 7.535889, 25.844612, 3.594675, 2.928621, 0.000375, 0.091131],
                        "num_object" : 30000000,
                        "total" : 83.278524
                },
                "16,4" : {
                        "steps" : [0.363385, 0.791914, 32.540646, 6.372845, 17.066955, 0.990248, 1.424015, 0.554864, 0.045128],
                        "num_object" : 30000000,
                        "total" : 60.386407
                },
                "8,8" : {
                        "steps" : [0.348416, 0.695118, 31.713832, 8.398445, 15.053781, 0.635524, 1.319221, 1.914848, 0.024959],
                        "num_object" : 30000000,
                        "total" : 60.361022
                },
                "4,16" : {
                        "steps" : [0.344385, 0.632273, 31.327566, 7.465698, 12.517680, 0.389507, 1.254875, 1.972156, 0.025129],
                        "num_object" : 30000000,
                        "total" : 56.126694
                },
                "2,32" : {
                        "steps" : [0.344767, 0.579230, 31.287561, 9.809167, 11.458074, 0.310328, 1.209784, 2.103491, 0.025179],
                        "num_object" : 30000000,
                        "total" : 57.323054
                },
                "1,64" : {
                        "steps" : [0.342491, 0.616419, 31.603996, 11.784222, 10.759676, 0.258373, 1.136417, 3.384127, 0.026075],
                        "num_object" : 30000000,
                        "total" : 60.115782
                },
                "32,1" : {
                        "steps" : [0.809580, 6.977517, 62.316836, 7.008022, 32.492276, 3.521251, 5.312733, 0.000104, 0.063853],
                        "num_object" : 30000000,
                        "total" : 118.890932
                },
                "16,2" : {
                        "steps" : [0.839588, 1.404624, 65.253878, 10.782500, 34.490777, 1.566736, 6.741447, 0.188954, 0.047782],
                        "num_object" : 30000000,
                        "total" : 121.736705
                },
                "8,4" : {
                        "steps" : [0.847301, 1.369758, 64.617514, 11.631648, 31.286309, 1.348989, 5.266215, 1.255047, 0.052204],
                        "num_object" : 30000000,
                        "total" : 118.076605
                },
                "4,8" : {
                        "steps" : [0.844332, 0.983343, 63.219478, 16.188220, 25.376654, 1.115632, 3.485422, 1.936128, 0.048590],
                        "num_object" : 30000000,
                        "total" : 113.609376
                },
                "2,16" : {
                        "steps" : [0.771216, 0.974637, 62.151813, 16.411165, 22.252419, 0.568724, 3.280833, 4.152240, 0.048404],
                        "num_object" : 30000000,
                        "total" : 111.019401
                },
                "1,32" : {
                        "steps" : [0.770873, 0.882757, 62.040491, 17.788461, 21.189714, 0.538481, 4.364472, 3.617091, 0.048379],
                        "num_object" : 30000000,
                        "total" : 111.619456
                },
                "16,1" : {
                        "steps" : [1.518331, 7.825576, 125.331781, 12.986797, 64.051065, 4.572708, 9.456561, 0.000089, 0.078335],
                        "num_object" : 30000000,
                        "total" : 226.532117
                },
                "8,2" : {
                        "steps" : [1.629037, 2.435323, 132.093607, 16.242908, 61.134877, 1.860708, 9.625170, 2.677149, 0.078323],
                        "num_object" : 30000000,
                        "total" : 228.638093
                },
                "4,4" : {
                        "steps" : [1.648940, 1.671524, 127.940403, 17.666013, 50.645046, 1.466936, 8.163871, 1.735487, 0.084591],
                        "num_object" : 30000000,
                        "total" : 211.795258
                },
                "2,8" : {
                        "steps" : [1.560744, 1.260433, 124.871885, 27.505171, 44.871387, 1.341418, 7.331715, 4.394338, 0.079452],
                        "num_object" : 30000000,
                        "total" : 213.960139
                },
                "1,16" : {
                        "steps" : [1.505135, 1.541245, 123.152223, 27.142099, 42.466555, 0.949458, 6.829495, 5.284155, 0.080911],
                        "num_object" : 30000000,
                        "total" : 209.693795
                },
                "8,1" : {
                        "steps" : [2.968999, 9.839864, 248.828041, 18.923764, 112.627911, 6.564712, 14.077082, 0.000093, 0.153135],
                        "num_object" : 30000000,
                        "total" : 415.346057
                },
                "4,2" : {
                        "steps" : [3.198692, 3.160460, 258.167068, 23.167750, 99.490232, 2.919861, 15.198397, 3.883402, 0.151717],
                        "num_object" : 30000000,
                        "total" : 410.813508
                },
                "2,4" : {
                        "steps" : [3.099154, 2.835760, 257.764187, 30.012161, 90.344010, 2.489467, 13.633914, 5.870364, 0.160061],
                        "num_object" : 30000000,
                        "total" : 407.629996
                },
                "1,8" : {
                        "steps" : [3.026060, 2.362957, 250.512705, 47.993257, 85.329301, 2.066912, 12.518569, 15.822579, 0.162548],
                        "num_object" : 30000000,
                        "total" : 421.647902
                },
                "4,1" : {
                        "steps" : [5.790301, 10.043294, 493.932638, 21.173727, 182.586164, 8.928312, 22.401570, 0.000095, 0.158503],
                        "num_object" : 30000000,
                        "total" : 747.636708
                },
                "2,2" : {
                        "steps" : [6.013530, 3.299759, 514.802274, 30.877099, 176.308675, 4.803104, 26.908484, 6.146133, 0.155840],
                        "num_object" : 30000000,
                        "total" : 772.062126
                },
                "1,4" : {
                        "steps" : [7.084344, 3.234392, 510.456062, 46.435899, 169.153952, 4.224692, 24.940007, 13.968100, 0.198189],
                        "num_object" : 30000000,
                        "total" : 783.315431
                },
                "2,1" : {
                        "steps" : [10.728421, 11.387586, 984.211407, 29.559661, 324.335650, 14.663349, 41.697080, 0.000108, 0.234691],
                        "num_object" : 30000000,
                        "total" : 1421.842944
                },
                "1,2" : {
                        "steps" : [11.817841, 4.197379, 1026.513176, 51.377491, 329.571715, 8.023130, 48.286671, 17.001202, 0.247569],
                        "num_object" : 30000000,
                        "total" : 1502.214800
                },
                "1,1" : {
                        "steps" : [20.902633, 16.698552, 1955.583874, 37.613863, 630.789816, 25.404404, 79.716530, 0.000099, 0.456899],
                        "num_object" : 30000000,
                        "total" : 2779.966879
                }
        }
}