{
        "command" : "scaling_test.out 7,max_num_object=2000000,seed=0|15|step;erase_create",
        "results" : {
                "64,1" : {
                        "steps" : [0.068789, 7.864944, 31.177383, 42.089682, 2.165911, 0.256480, 0.246992, 0.000077, 0.036768],
                        "num_object" : 2000000,
                        "total" : 83.960706
                },
                "32,2" : {
                        "steps" : [0.015521, 3.962140, 24.045512, 101.742484, 0.901913, 0.044914, 0.085708, 0.005306, 0.002050],
                        "num_object" : 2000000,
                        "total" : 130.831526
                },
                "16,4" : {
                        "steps" : [0.032973, 3.087798, 25.745879, 95.348355, 0.999268, 0.045038, 0.069065, 0.002941, 0.001801],
                        "num_object" : 2000000,
                        "total" : 125.360449
                },
                "8,8" : {
                        "steps" : [0.031983, 2.556336, 27.071924, 75.950736, 1.124793, 0.037970, 0.061587, 0.020019, 0.019605],
                        "num_object" : 2000000,
                        "total" : 106.903240
                },
                "4,16" : {
                        "steps" : [0.014620, 2.622526, 31.721656, 47.912160, 1.351709, 0.028549, 0.056238, 0.004684, 0.001879],
                        "num_object" : 2000000,
                        "total" : 83.722205
                },
                "2,32" : {
                        "steps" : [0.013682, 2.379339, 35.680881, 44.133456, 1.435213, 0.027077, 0.053816, 0.005210, 0.002018],
                        "num_object" : 2000000,
                        "total" : 83.738902
                },
                "1,64" : {
                        "steps" : [0.088714, 3.178941, 40.316680, 50.695309, 3.962860, 0.694156, 1.871647, 0.138776, 0.003590],
                        "num_object" : 2000000,
                        "total" : 101.421958
                },
                "32,1" : {
                        "steps" : [0.059310, 8.289728, 46.510741, 68.919617, 2.721431, 0.099587, 0.175417, 0.000074, 0.003411],
                        "num_object" : 2000000,
                        "total" : 126.795912
                },
                "16,2" : {
                        "steps" : [0.054355, 5.458687, 48.633037, 208.922948, 1.718979, 0.143122, 0.223915, 0.003352, 0.003931],
                        "num_object" : 2000000,
                        "total" : 265.198381
                },
                "8,4" : {
                        "steps" : [0.054523, 5.387948, 53.046564, 191.094821, 1.924153, 0.088244, 0.189699, 0.002689, 0.003789],
                        "num_object" : 2000000,
                        "total" : 251.834394
                },
                "4,8" : {
                        "steps" : [0.035073, 4.643895, 53.302859, 129.253479, 2.092275, 0.087245, 0.153903, 0.003019, 0.003714],
                        "num_object" : 2000000,
                        "total" : 189.591001
                },
                "2,16" : {
                        "steps" : [0.036263, 4.525456, 58.578560, 108.890652, 2.634837, 0.069770, 0.151897, 0.003797, 0.003869],
                        "num_object" : 2000000,
                        "total" : 174.910981
                },
                "1,32" : {
                        "steps" : [0.048098, 5.387420, 79.155662, 115.607829, 3.270297, 0.061014, 0.313765, 0.013667, 0.005101],
                        "num_object" : 2000000,
                        "total" : 203.918896
                },
                "16,1" : {
                        "steps" : [0.062851, 9.403023, 92.250576, 116.686584, 4.444737, 0.162602, 0.227575, 0.000098, 0.004952],
                        "num_object" : 2000000,
                        "total" : 223.262181
                },
                "8,2" : {
                        "steps" : [0.069102, 6.317343, 96.447846, 310.607956, 3.211490, 0.152175, 0.297689, 0.003280, 0.006258],
                        "num_object" : 2000000,
                        "total" : 417.147326
                },
                "4,4" : {
                        "steps" : [0.069091, 6.269720, 108.024967, 240.536129, 3.550768, 0.128765, 0.242780, 0.002396, 0.005957],
                        "num_object" : 2000000,
                        "total" : 358.855191
                },
                "2,8" : {
                        "steps" : [0.068623, 5.536047, 109.848501, 222.042662, 3.828089, 0.119781, 0.235026, 0.003349, 0.005904],
                        "num_object" : 2000000,
                        "total" : 341.712797
                },
                "1,16" : {
                        "steps" : [0.068499, 5.400679, 122.718001, 186.888478, 4.929389, 0.098899, 0.240952, 0.003286, 0.005771],
                        "num_object" : 2000000,
                        "total" : 320.378789
                },
                "8,1" : {
                        "steps" : [0.143930, 12.589890, 184.306916, 225.350048, 7.572847, 0.298725, 0.536179, 0.000097, 0.020431],
                        "num_object" : 2000000,
                        "total" : 430.879314
                },
                "4,2" : {
                        "steps" : [0.134994, 8.190141, 193.339631, 421.037178, 6.000896, 0.236509, 0.444917, 0.003239, 0.011444],
                        "num_object" : 2000000,
                        "total" : 629.446652
                },
                "2,4" : {
                        "steps" : [0.134549, 7.655105, 204.206985, 384.405026, 6.102531, 0.207526, 0.428714, 0.002762, 0.010748],
                        "num_object" : 2000000,
                        "total" : 603.199864
                },
                "1,8" : {
                        "steps" : [0.135924, 7.216745, 224.082630, 341.328975, 7.559299, 0.192008, 0.416182, 0.003253, 0.010524],
                        "num_object" : 2000000,
                        "total" : 580.991734
                },
                "4,1" : {
                        "steps" : [0.241648, 13.113225, 367.202369, 440.547599, 10.739390, 0.447114, 0.798640, 0.000098, 0.012792],
                        "num_object" : 2000000,
                        "total" : 833.149858
                },
                "2,2" : {
                        "steps" : [0.268323, 9.801336, 385.078532, 685.625813, 11.210151, 0.399196, 0.800810, 0.002625, 0.015833],
                        "num_object" : 2000000,
                        "total" : 1093.260129
                },
                "1,4" : {
                        "steps" : [0.261824, 9.113782, 410.538488, 581.939664, 11.690848, 0.361057, 0.749213, 0.001955, 0.015469],
                        "num_object" : 2000000,
                        "total" : 1014.728759
                },
                "2,1" : {
                        "steps" : [0.479532, 15.532278, 734.953101, 503.623493, 20.192397, 0.804516, 1.463815, 0.000100, 0.019496],
                        "num_object" : 2000000,
                        "total" : 1277.157580
                },
                "1,2" : {
                        "steps" : [0.539195, 12.174176, 768.120214, 1056.360079, 21.573773, 0.705121, 1.445088, 0.002299, 0.021890],
                        "num_object" : 2000000,
                        "total" : 1861.046827
                },
                "1,1" : {
                        "steps" : [0.938318, 22.248891, 1463.790006, 689.826706, 37.045462, 1.384836, 2.204904, 0.000104, 0.037481],
                        "num_object" : 2000000,
                        "total" : 2217.632494
                }
        }
}