{
    "command": "scaling_test.out 8,safety_margin=0.3,seed=0|14|step;erase_create", 
    "results": {
        "18,52": {
            "num_object": 9011739, 
            "total": 13.857678, 
            "steps": [
                0.004556, 
                0.187003, 
                2.586051, 
                11.001905, 
                0.0, 
                0.015204, 
                0.026732, 
                0.031633, 
                0.002496
            ]
        }, 
        "18,28": {
            "num_object": 9011739, 
            "total": 23.416568, 
            "steps": [
                0.006353, 
                0.268024, 
                4.57167, 
                18.464256, 
                0.0, 
                0.03268, 
                0.040035, 
                0.028242, 
                0.001341
            ]
        }, 
        "18,58": {
            "num_object": 9011739, 
            "total": 13.074501, 
            "steps": [
                0.004261, 
                0.177798, 
                2.313783, 
                10.486966, 
                0.0, 
                0.018106, 
                0.02478, 
                0.039544, 
                0.00734
            ]
        }, 
        "18,70": {
            "num_object": 9011739, 
            "total": 11.257101, 
            "steps": [
                0.002765, 
                0.14822, 
                1.923926, 
                9.094727, 
                0.0, 
                0.012863, 
                0.022928, 
                0.046199, 
                0.003986
            ]
        }, 
        "18,16": {
            "num_object": 9011739, 
            "total": 38.235438, 
            "steps": [
                0.008904, 
                0.562175, 
                8.861494, 
                28.67136, 
                0.0, 
                0.043933, 
                0.046894, 
                0.032516, 
                0.00117
            ]
        }, 
        "18,20": {
            "num_object": 9011739, 
            "total": 31.111683, 
            "steps": [
                0.007286, 
                0.418828, 
                6.806854, 
                23.759795, 
                0.0, 
                0.044099, 
                0.048764, 
                0.01545, 
                0.005153
            ]
        }, 
        "18,32": {
            "num_object": 9011739, 
            "total": 20.448961, 
            "steps": [
                0.006612, 
                0.240117, 
                4.447732, 
                15.658579, 
                0.0, 
                0.030794, 
                0.036128, 
                0.024488, 
                0.000995
            ]
        }, 
        "18,40": {
            "num_object": 9011739, 
            "total": 16.975103, 
            "steps": [
                0.004857, 
                0.184124, 
                3.167371, 
                13.523051, 
                0.0, 
                0.023803, 
                0.032909, 
                0.034601, 
                0.001635
            ]
        }, 
        "18,64": {
            "num_object": 9011739, 
            "total": 12.227908, 
            "steps": [
                0.003425, 
                0.132007, 
                2.483076, 
                9.524111, 
                0.0, 
                0.017286, 
                0.021316, 
                0.039155, 
                0.005889
            ]
        }, 
        "18,24": {
            "num_object": 9011739, 
            "total": 25.799896, 
            "steps": [
                0.006432, 
                0.332903, 
                5.620328, 
                19.729188, 
                0.0, 
                0.035093, 
                0.044221, 
                0.026376, 
                0.000891
            ]
        }, 
        "18,36": {
            "num_object": 9011739, 
            "total": 19.198525, 
            "steps": [
                0.005166, 
                0.231695, 
                4.022583, 
                14.848533, 
                0.0, 
                0.026283, 
                0.033212, 
                0.027013, 
                0.001005
            ]
        }, 
        "18,2": {
            "num_object": 2202376, 
            "total": 86.409702, 
            "steps": [
                0.026372, 
                1.69804, 
                22.356411, 
                61.675743, 
                0.38479, 
                0.054886, 
                0.08753, 
                0.100341, 
                0.002829
            ]
        }, 
        "18,12": {
            "num_object": 9011739, 
            "total": 49.986974, 
            "steps": [
                0.011889, 
                0.943213, 
                11.637434, 
                37.242889, 
                0.0, 
                0.069276, 
                0.050335, 
                0.020741, 
                0.00172
            ]
        }, 
        "18,4": {
            "num_object": 4517600, 
            "total": 87.717126, 
            "steps": [
                0.020923, 
                1.73045, 
                19.687662, 
                65.847892, 
                0.240356, 
                0.071153, 
                0.082066, 
                0.017905, 
                0.002114
            ]
        }, 
        "18,8": {
            "num_object": 8923418, 
            "total": 74.28062, 
            "steps": [
                0.025033, 
                1.530505, 
                18.445676, 
                54.005693, 
                0.0, 
                0.092328, 
                0.087496, 
                0.076938, 
                0.002533
            ]
        }, 
        "18,46": {
            "num_object": 9011739, 
            "total": 15.172472, 
            "steps": [
                0.004511, 
                0.186461, 
                3.150487, 
                11.730048, 
                0.0, 
                0.020297, 
                0.027233, 
                0.050191, 
                0.000947
            ]
        }
    }
}