{
    "command": "scaling_test.out 9,safety_margin=0.2,seed=0|15|step;split_merge", 
    "results": {
        "18,52": {
            "num_object": 768753258, 
            "total": 93.205413, 
            "steps": [
                0.440102, 
                1.895547, 
                38.913127, 
                13.900887, 
                28.992866, 
                0.850985, 
                2.467779, 
                5.385882, 
                0.048956
            ]
        }, 
        "18,28": {
            "num_object": 418621626, 
            "total": 92.62504, 
            "steps": [
                0.43877, 
                1.670892, 
                38.091778, 
                12.958206, 
                27.936354, 
                1.231981, 
                2.70016, 
                7.336149, 
                0.030934
            ]
        }, 
        "18,58": {
            "num_object": 845335632, 
            "total": 95.960253, 
            "steps": [
                0.433513, 
                1.557291, 
                37.589093, 
                16.765961, 
                26.713465, 
                1.13093, 
                2.944956, 
                8.555697, 
                0.047156
            ]
        }, 
        "18,70": {
            "num_object": 1021215252, 
            "total": 92.171967, 
            "steps": [
                0.38539, 
                1.668998, 
                34.889669, 
                18.282183, 
                25.634507, 
                0.988849, 
                2.667606, 
                7.422045, 
                0.032753
            ]
        }, 
        "18,82": {
            "num_object": 1185875612, 
            "total": 96.444146, 
            "steps": [
                0.418379, 
                0.786688, 
                36.17796, 
                20.91947, 
                24.747, 
                0.989407, 
                2.297521, 
                9.850568, 
                0.043578
            ]
        }, 
        "18,16": {
            "num_object": 241031140, 
            "total": 92.360016, 
            "steps": [
                0.459979, 
                1.130518, 
                41.090945, 
                12.173543, 
                29.344595, 
                1.126096, 
                2.584455, 
                4.169531, 
                0.039513
            ]
        }, 
        "18,20": {
            "num_object": 297044546, 
            "total": 98.119598, 
            "steps": [
                0.44409, 
                1.027631, 
                39.329298, 
                18.829969, 
                27.899623, 
                1.196516, 
                2.88613, 
                6.240067, 
                0.035545
            ]
        }, 
        "18,32": {
            "num_object": 472608516, 
            "total": 98.669801, 
            "steps": [
                0.440021, 
                1.667428, 
                38.482419, 
                20.334672, 
                28.758067, 
                1.429907, 
                2.788966, 
                4.491402, 
                0.048386
            ]
        }, 
        "18,40": {
            "num_object": 580919584, 
            "total": 91.876984, 
            "steps": [
                0.423838, 
                1.465408, 
                36.110854, 
                15.755756, 
                25.912919, 
                1.173147, 
                4.174706, 
                6.605287, 
                0.034656
            ]
        }, 
        "18,64": {
            "num_object": 933261048, 
            "total": 94.748301, 
            "steps": [
                0.428493, 
                1.917573, 
                37.914067, 
                15.889861, 
                28.718375, 
                0.986915, 
                2.681996, 
                5.957359, 
                0.033766
            ]
        }, 
        "18,24": {
            "num_object": 356342388, 
            "total": 94.462369, 
            "steps": [
                0.445234, 
                1.602, 
                38.202878, 
                16.221808, 
                29.021482, 
                1.243924, 
                2.819884, 
                4.624474, 
                0.048495
            ]
        }, 
        "18,36": {
            "num_object": 525237536, 
            "total": 92.453496, 
            "steps": [
                0.418773, 
                1.529942, 
                36.038619, 
                16.798097, 
                25.95239, 
                1.151698, 
                3.612961, 
                6.701386, 
                0.034482
            ]
        }, 
        "18,2": {
            "num_object": 30387200, 
            "total": 111.123611, 
            "steps": [
                0.609364, 
                2.375996, 
                55.256303, 
                10.258429, 
                37.224315, 
                1.969134, 
                2.879599, 
                0.20519, 
                0.038642
            ]
        }, 
        "18,76": {
            "num_object": 1107049664, 
            "total": 91.540027, 
            "steps": [
                0.435543, 
                1.734473, 
                38.77063, 
                13.028303, 
                27.497269, 
                1.071358, 
                3.065666, 
                5.673348, 
                0.042766
            ]
        }, 
        "18,12": {
            "num_object": 181867790, 
            "total": 93.869256, 
            "steps": [
                0.482892, 
                1.347696, 
                42.684861, 
                10.5038, 
                31.154453, 
                1.236507, 
                2.577461, 
                3.565282, 
                0.034178
            ]
        }, 
        "18,4": {
            "num_object": 60854644, 
            "total": 126.1054, 
            "steps": [
                0.584832, 
                2.428644, 
                55.118249, 
                23.787356, 
                37.033697, 
                1.505793, 
                3.595554, 
                1.711773, 
                0.03749
            ]
        }, 
        "18,8": {
            "num_object": 120308164, 
            "total": 105.549713, 
            "steps": [
                0.556113, 
                1.656298, 
                49.258512, 
                10.829578, 
                34.340527, 
                1.339728, 
                2.827238, 
                4.373968, 
                0.038822
            ]
        }, 
        "18,46": {
            "num_object": 678040144, 
            "total": 93.962661, 
            "steps": [
                0.432871, 
                1.495224, 
                36.195047, 
                16.933801, 
                27.97059, 
                1.086243, 
                2.65826, 
                6.922028, 
                0.04962
            ]
        }
    }
}