{
        "command" : "zonda_scaling_test.out 8,max_num_object=30000000,seed=0|15|step;split_merge",
        "results" : {
                "32,2" : {
                        "steps" : [0.372258, 2.338470, 33.389246, 6.014233, 18.377717, 1.931249, 2.396303, 0.000699, 0.027289],
                        "num_object" : 30000000,
                        "total" : 65.103369
                },
                "64,1" : {
                        "steps" : [0.433591, 7.468483, 33.570156, 7.001154, 25.760885, 3.293725, 3.139043, 0.000246, 0.091830],
                        "num_object" : 30000000,
                        "total" : 81.053565
                },
                "16,4" : {
                        "steps" : [0.347749, 1.724417, 34.195865, 4.322974, 17.222271, 1.265430, 1.662635, 0.020720, 0.026812],
                        "num_object" : 30000000,
                        "total" : 61.149248
                },
                "8,8" : {
                        "steps" : [0.361608, 1.895009, 36.122169, 3.588429, 17.172442, 1.233900, 1.718456, 0.011255, 0.051434],
                        "num_object" : 30000000,
                        "total" : 62.521123
                },
                "4,16" : {
                        "steps" : [0.347352, 1.325079, 35.933675, 2.570125, 14.366507, 1.167506, 1.577200, 0.011471, 0.025423],
                        "num_object" : 30000000,
                        "total" : 57.796534
                },
                "2,32" : {
                        "steps" : [0.342827, 1.404564, 37.274185, 2.515923, 13.659036, 1.148461, 1.574179, 0.010040, 0.026243],
                        "num_object" : 30000000,
                        "total" : 58.719317
                },
                "1,64" : {
                        "steps" : [0.382236, 1.280847, 40.144713, 2.233363, 13.499182, 1.069959, 1.534257, 0.012129, 0.026931],
                        "num_object" : 30000000,
                        "total" : 61.638936
                },
                "32,1" : {
                        "steps" : [0.803608, 7.150322, 62.886991, 6.549629, 32.472673, 3.645478, 5.159596, 0.000110, 0.115197],
                        "num_object" : 30000000,
                        "total" : 119.439227
                },
                "16,2" : {
                        "steps" : [0.814576, 4.290176, 66.718184, 7.365882, 34.767637, 2.268310, 6.179866, 0.000543, 0.048092],
                        "num_object" : 30000000,
                        "total" : 122.912820
                },
                "8,4" : {
                        "steps" : [0.807109, 3.791578, 68.737379, 6.411543, 31.622287, 2.069020, 5.086524, 0.019944, 0.048379],
                        "num_object" : 30000000,
                        "total" : 119.065401
                },
                "4,8" : {
                        "steps" : [0.789203, 3.733329, 72.775243, 5.247659, 26.665538, 1.982218, 4.877197, 0.015047, 0.049067],
                        "num_object" : 30000000,
                        "total" : 116.681658
                },
                "2,16" : {
                        "steps" : [0.762653, 3.334097, 72.263834, 5.066903, 25.385637, 1.832116, 4.487587, 0.005543, 0.048238],
                        "num_object" : 30000000,
                        "total" : 113.848555
                },
                "1,32" : {
                        "steps" : [0.741120, 2.895043, 74.045209, 4.961443, 25.267673, 1.755583, 4.654238, 0.008770, 0.048951],
                        "num_object" : 30000000,
                        "total" : 115.359527
                },
                "16,1" : {
                        "steps" : [1.529630, 7.881401, 126.951738, 13.390264, 65.840061, 4.496678, 9.233207, 0.000116, 0.079362],
                        "num_object" : 30000000,
                        "total" : 230.144254
                },
                "8,2" : {
                        "steps" : [1.577425, 5.395813, 134.950224, 11.733026, 62.975322, 2.885698, 9.138388, 0.000496, 0.082054],
                        "num_object" : 30000000,
                        "total" : 229.649483
                },
                "4,4" : {
                        "steps" : [1.555075, 4.251164, 136.077296, 9.937629, 53.318812, 2.730031, 8.226106, 0.019405, 0.078462],
                        "num_object" : 30000000,
                        "total" : 217.006067
                },
                "2,8" : {
                        "steps" : [1.476312, 4.432070, 142.309338, 8.795968, 49.887816, 2.455297, 7.244333, 0.011972, 0.077906],
                        "num_object" : 30000000,
                        "total" : 217.525675
                },
                "1,16" : {
                        "steps" : [1.448114, 3.847786, 141.843683, 8.322650, 47.889043, 2.216734, 7.045946, 0.009491, 0.078972],
                        "num_object" : 30000000,
                        "total" : 213.696501
                },
                "8,1" : {
                        "steps" : [2.973587, 9.895150, 249.671089, 18.259252, 113.188069, 7.158987, 14.810517, 0.000112, 0.151612],
                        "num_object" : 30000000,
                        "total" : 417.496846
                },
                "4,2" : {
                        "steps" : [3.066606, 6.093261, 264.902919, 17.977971, 101.935009, 4.488588, 14.338645, 0.000496, 0.152387],
                        "num_object" : 30000000,
                        "total" : 414.399925
                },
                "2,4" : {
                        "steps" : [2.912048, 5.908994, 271.043163, 16.847651, 95.528115, 3.631547, 13.103610, 0.019573, 0.151418],
                        "num_object" : 30000000,
                        "total" : 410.546677
                },
                "1,8" : {
                        "steps" : [2.842473, 6.044703, 282.986889, 15.430818, 100.150190, 3.512005, 12.619299, 0.019414, 0.152429],
                        "num_object" : 30000000,
                        "total" : 425.204637
                },
                "4,1" : {
                        "steps" : [5.905315, 9.954536, 497.029120, 21.689447, 179.897255, 8.908352, 22.392428, 0.000113, 0.164212],
                        "num_object" : 30000000,
                        "total" : 748.580816
                },
                "2,2" : {
                        "steps" : [5.752321, 7.600665, 523.027573, 24.972434, 181.969115, 7.413144, 24.374082, 0.000376, 0.167770],
                        "num_object" : 30000000,
                        "total" : 777.934106
                },
                "1,4" : {
                        "steps" : [5.606255, 6.733919, 538.727888, 22.664259, 181.902448, 6.419106, 22.795433, 0.026860, 0.156603],
                        "num_object" : 30000000,
                        "total" : 787.652682
                },
                "2,1" : {
                        "steps" : [13.257129, 10.794075, 991.067472, 30.955451, 320.081415, 14.510947, 41.771394, 0.000119, 0.230871],
                        "num_object" : 30000000,
                        "total" : 1428.868771
                },
                "1,2" : {
                        "steps" : [11.122761, 9.418624, 1046.785921, 37.796154, 342.061692, 12.669635, 45.457925, 0.000443, 0.232954],
                        "num_object" : 30000000,
                        "total" : 1510.443535
                },
                "1,1" : {
                        "steps" : [20.922198, 18.793790, 1968.449600, 38.644431, 627.218767, 25.637949, 80.074725, 0.000110, 0.451445],
                        "num_object" : 30000000,
                        "total" : 2789.016462
                }
        }
}