{
        "command" : "scaling_test.out 8,max_num_object=30000000,seed=0|15|step;split_merge",
        "results" : {
                "64,1" : {
                        "steps" : [0.465914, 7.100183, 32.960700, 7.438543, 20.629581, 3.652503, 2.638156, 0.000055, 0.109865],
                        "num_object" : 30000000,
                        "total" : 75.246233
                },
                "32,2" : {
                        "steps" : [0.382228, 2.494382, 33.162023, 9.732612, 11.681526, 1.664481, 1.854146, 0.000613, 0.025905],
                        "num_object" : 30000000,
                        "total" : 61.189175
                },
                "16,4" : {
                        "steps" : [0.357574, 1.652807, 33.954333, 8.325455, 11.323293, 1.264528, 1.692606, 0.021140, 0.029632],
                        "num_object" : 30000000,
                        "total" : 58.806486
                },
                "8,8" : {
                        "steps" : [0.358567, 1.949776, 35.973257, 6.725486, 12.279222, 1.227790, 1.704582, 0.011637, 0.025318],
                        "num_object" : 30000000,
                        "total" : 60.457547
                },
                "4,16" : {
                        "steps" : [0.357612, 1.317100, 35.802008, 3.533092, 12.640331, 1.177400, 1.569249, 0.007530, 0.026219],
                        "num_object" : 30000000,
                        "total" : 56.602643
                },
                "2,32" : {
                        "steps" : [0.355761, 1.331187, 37.312217, 3.096072, 12.971682, 1.095349, 1.580862, 0.010702, 0.025395],
                        "num_object" : 30000000,
                        "total" : 57.952147
                },
                "1,64" : {
                        "steps" : [0.351342, 1.275892, 40.789450, 2.287147, 13.631507, 1.056371, 1.509781, 0.009117, 0.026620],
                        "num_object" : 30000000,
                        "total" : 61.128195
                },
                "32,1" : {
                        "steps" : [0.826131, 7.056920, 62.865040, 6.924078, 28.645757, 3.536604, 5.226005, 0.000080, 0.071279],
                        "num_object" : 30000000,
                        "total" : 115.545593
                },
                "16,2" : {
                        "steps" : [0.834325, 4.317704, 67.931136, 13.949643, 22.990981, 2.060898, 5.508165, 0.000562, 0.048384],
                        "num_object" : 30000000,
                        "total" : 118.050369
                },
                "8,4" : {
                        "steps" : [0.855454, 3.934445, 68.307133, 12.053742, 22.635751, 2.111439, 5.251125, 0.019902, 0.049190],
                        "num_object" : 30000000,
                        "total" : 115.622873
                },
                "4,8" : {
                        "steps" : [0.812126, 3.762057, 72.727899, 7.100693, 23.093178, 1.998571, 4.706856, 0.015161, 0.047960],
                        "num_object" : 30000000,
                        "total" : 114.683121
                },
                "2,16" : {
                        "steps" : [0.780561, 3.330282, 71.981296, 5.919871, 24.088903, 1.818776, 4.339548, 0.005389, 0.047588],
                        "num_object" : 30000000,
                        "total" : 112.682515
                },
                "1,32" : {
                        "steps" : [0.764449, 2.849660, 74.254668, 4.859104, 25.429733, 1.746799, 4.762509, 0.006489, 0.048488],
                        "num_object" : 30000000,
                        "total" : 115.085839
                },
                "16,1" : {
                        "steps" : [1.591607, 7.993093, 124.580131, 12.445590, 48.994910, 3.839024, 9.817655, 0.000104, 0.081310],
                        "num_object" : 30000000,
                        "total" : 210.068001
                },
                "8,2" : {
                        "steps" : [1.626961, 5.141723, 133.064684, 20.160167, 42.683588, 2.722388, 8.212582, 0.000528, 0.078594],
                        "num_object" : 30000000,
                        "total" : 214.446064
                },
                "4,4" : {
                        "steps" : [1.593621, 4.326490, 134.895799, 12.394533, 41.903995, 2.496276, 8.307772, 0.019755, 0.077878],
                        "num_object" : 30000000,
                        "total" : 206.728296
                },
                "2,8" : {
                        "steps" : [1.521096, 4.474900, 142.425082, 9.854768, 43.829549, 2.445973, 7.237950, 0.017074, 0.079190],
                        "num_object" : 30000000,
                        "total" : 212.571709
                },
                "1,16" : {
                        "steps" : [1.483909, 3.877264, 140.983046, 7.898419, 47.536904, 2.285465, 7.285925, 0.009266, 0.078280],
                        "num_object" : 30000000,
                        "total" : 212.139909
                },
                "8,1" : {
                        "steps" : [3.053102, 9.579768, 250.222144, 17.876737, 82.816961, 5.880440, 13.815904, 0.000100, 0.151141],
                        "num_object" : 30000000,
                        "total" : 384.753467
                },
                "4,2" : {
                        "steps" : [3.159389, 6.492227, 263.334708, 21.470211, 84.660002, 4.384562, 14.458107, 0.000604, 0.151248],
                        "num_object" : 30000000,
                        "total" : 399.519927
                },
                "2,4" : {
                        "steps" : [2.995150, 6.016925, 270.164988, 18.016151, 86.602484, 3.509509, 13.137337, 0.027265, 0.151906],
                        "num_object" : 30000000,
                        "total" : 401.944997
                },
                "1,8" : {
                        "steps" : [2.927717, 6.169485, 281.683793, 14.914243, 91.985370, 3.527228, 12.656615, 0.019783, 0.151439],
                        "num_object" : 30000000,
                        "total" : 415.327861
                },
                "4,1" : {
                        "steps" : [5.949038, 11.153968, 494.401056, 21.329749, 155.709659, 9.154069, 22.223773, 0.000089, 0.178709],
                        "num_object" : 30000000,
                        "total" : 722.714427
                },
                "2,2" : {
                        "steps" : [7.084093, 8.492880, 520.531903, 29.196373, 166.243044, 7.420962, 24.357609, 0.000610, 0.177326],
                        "num_object" : 30000000,
                        "total" : 766.894411
                },
                "1,4" : {
                        "steps" : [5.761809, 7.558550, 536.628365, 21.822867, 171.004745, 6.486005, 22.769558, 0.027550, 0.175143],
                        "num_object" : 30000000,
                        "total" : 774.762906
                },
                "2,1" : {
                        "steps" : [11.289151, 11.565256, 985.452303, 31.799779, 308.047790, 14.679477, 41.231516, 0.000103, 0.231303],
                        "num_object" : 30000000,
                        "total" : 1409.136094
                },
                "1,2" : {
                        "steps" : [11.418756, 11.322515, 1040.279619, 34.124801, 327.816294, 12.715785, 45.307315, 0.000485, 0.233039],
                        "num_object" : 30000000,
                        "total" : 1488.416415
                },
                "1,1" : {
                        "steps" : [21.871613, 16.875736, 1957.397055, 32.386755, 627.270126, 25.000146, 78.776778, 0.000095, 0.452328],
                        "num_object" : 30000000,
                        "total" : 2769.102718
                }
        }
}