{
        "command" : "scaling_test.out 8,safety_margin=0.3,seed=0|15|step;split_merge",
        "results" : {
                "64,1" : {
                        "steps" : [0.410602, 5.908868, 33.060752, 8.710320, 26.247268, 3.293252, 3.727832, 0.000378, 0.054528],
                        "num_object" : 31757460,
                        "total" : 81.612669
                },
                "32,2" : {
                        "steps" : [0.336910, 0.861659, 29.240209, 7.425190, 17.919080, 1.405138, 1.556585, 1.073708, 0.024941],
                        "num_object" : 30668378,
                        "total" : 60.015960
                },
                "16,4" : {
                        "steps" : [0.326384, 0.689885, 30.516581, 5.881982, 15.828403, 0.856107, 1.377212, 1.772220, 0.024708],
                        "num_object" : 30734052,
                        "total" : 57.438674
                },
                "8,8" : {
                        "steps" : [0.329500, 0.641951, 28.619653, 8.429397, 13.754389, 0.537689, 1.243810, 2.612913, 0.040058],
                        "num_object" : 30867464,
                        "total" : 56.379956
                },
                "4,16" : {
                        "steps" : [0.310684, 0.513713, 27.998650, 7.358394, 10.936417, 0.399503, 1.159555, 2.307208, 0.023341],
                        "num_object" : 30668768,
                        "total" : 51.156537
                },
                "2,32" : {
                        "steps" : [0.307269, 0.487579, 27.908162, 8.568399, 10.256495, 0.313062, 1.106228, 2.001734, 0.023169],
                        "num_object" : 30261344,
                        "total" : 51.119808
                },
                "1,64" : {
                        "steps" : [0.310632, 0.434629, 28.447891, 11.194709, 9.229333, 0.230451, 1.104728, 2.895022, 0.024071],
                        "num_object" : 30275136,
                        "total" : 54.019513
                },
                "32,1" : {
                        "steps" : [0.703512, 5.892443, 57.623485, 8.042340, 32.893470, 3.226148, 4.094197, 0.000047, 0.047240],
                        "num_object" : 31758166,
                        "total" : 112.861412
                },
                "16,2" : {
                        "steps" : [0.685153, 1.530086, 58.615091, 11.393122, 30.032437, 1.579384, 4.943466, 3.008263, 0.045501],
                        "num_object" : 30666894,
                        "total" : 112.174190
                },
                "8,4" : {
                        "steps" : [0.693380, 1.359948, 59.303737, 10.939983, 27.949251, 1.095019, 4.161546, 2.483560, 0.045964],
                        "num_object" : 30733716,
                        "total" : 108.358009
                },
                "4,8" : {
                        "steps" : [0.689401, 0.943589, 57.341314, 14.558716, 22.694013, 0.744086, 3.006483, 2.977434, 0.046241],
                        "num_object" : 30867480,
                        "total" : 103.325305
                },
                "2,16" : {
                        "steps" : [0.656059, 0.773575, 55.562643, 15.062450, 20.491291, 0.636935, 2.632599, 3.094959, 0.044744],
                        "num_object" : 30671872,
                        "total" : 99.270167
                },
                "1,32" : {
                        "steps" : [0.625289, 0.735409, 55.294121, 17.443063, 18.862542, 0.476014, 2.758956, 3.502480, 0.043785],
                        "num_object" : 30275808,
                        "total" : 100.042783
                },
                "16,1" : {
                        "steps" : [1.374840, 6.585545, 116.042738, 16.577292, 59.893674, 4.154004, 9.514477, 0.000049, 0.078832],
                        "num_object" : 31756788,
                        "total" : 214.970195
                },
                "8,2" : {
                        "steps" : [1.323767, 2.590396, 115.618851, 16.825674, 54.520599, 2.184375, 7.239766, 2.200741, 0.072923],
                        "num_object" : 30665288,
                        "total" : 203.188234
                },
                "4,4" : {
                        "steps" : [1.354805, 1.755298, 117.120668, 15.551516, 45.290431, 1.460931, 5.314259, 5.045393, 0.073826],
                        "num_object" : 30731996,
                        "total" : 193.668617
                },
                "2,8" : {
                        "steps" : [1.290021, 1.168974, 112.403216, 25.232405, 42.121805, 1.195967, 4.681974, 4.182332, 0.077735],
                        "num_object" : 30866552,
                        "total" : 192.943097
                },
                "1,16" : {
                        "steps" : [1.236920, 1.091519, 110.479940, 24.779058, 36.065036, 0.990412, 4.027353, 5.887425, 0.075532],
                        "num_object" : 30690896,
                        "total" : 185.196577
                },
                "8,1" : {
                        "steps" : [2.712127, 8.581272, 229.502170, 25.310764, 110.555904, 6.811294, 14.913289, 0.000075, 0.160650],
                        "num_object" : 31756942,
                        "total" : 399.787309
                },
                "4,2" : {
                        "steps" : [2.611377, 3.480212, 230.916863, 21.670490, 88.288735, 3.341961, 10.231387, 4.420737, 0.141143],
                        "num_object" : 30664500,
                        "total" : 366.288987
                },
                "2,4" : {
                        "steps" : [2.555755, 2.623393, 232.086671, 28.600331, 79.219717, 2.543801, 9.724896, 7.247535, 0.149945],
                        "num_object" : 30731236,
                        "total" : 365.899854
                },
                "1,8" : {
                        "steps" : [2.472817, 2.385234, 226.169708, 42.321586, 71.658827, 1.996395, 9.414061, 12.678242, 0.150058],
                        "num_object" : 30876008,
                        "total" : 370.349970
                },
                "4,1" : {
                        "steps" : [5.450041, 9.180015, 457.557122, 27.333321, 179.276455, 8.891071, 20.717967, 0.000073, 0.153179],
                        "num_object" : 31776608,
                        "total" : 710.996241
                },
                "2,2" : {
                        "steps" : [4.951827, 3.095543, 458.389708, 31.886707, 157.591868, 5.238722, 17.882910, 10.695127, 0.168846],
                        "num_object" : 30682178,
                        "total" : 692.102662
                },
                "1,4" : {
                        "steps" : [4.971307, 2.799582, 458.864746, 43.400186, 145.120284, 4.133488, 17.754930, 15.267767, 0.164476],
                        "num_object" : 30698292,
                        "total" : 695.619639
                },
                "2,1" : {
                        "steps" : [10.232271, 10.331550, 912.560326, 27.363014, 292.810281, 13.812798, 38.818939, 0.000094, 0.230426],
                        "num_object" : 31776860,
                        "total" : 1313.137008
                },
                "1,2" : {
                        "steps" : [9.395588, 4.145278, 909.987466, 49.530716, 284.648688, 8.255261, 33.195324, 9.586959, 0.219655],
                        "num_object" : 30683436,
                        "total" : 1313.098618
                },
                "1,1" : {
                        "steps" : [19.513350, 15.010845, 1810.308102, 30.694803, 567.631687, 24.297730, 73.244808, 0.000090, 0.471166],
                        "num_object" : 31776984,
                        "total" : 2549.484450
                }
        }
}