{
        "command" : "scaling_test.out 7,max_num_object=2000000,seed=0|15|step;erase_create",
        "results" : {
                "32,2" : {
                        "steps" : [0.026644, 3.287102, 21.882893, 48.196787, 1.371098, 0.050005, 0.057698, 0.718045, 0.002154],
                        "num_object" : 2000000,
                        "total" : 75.630314
                },
                "64,1" : {
                        "steps" : [0.041957, 7.797431, 27.609819, 39.670359, 2.149227, 0.124782, 0.190996, 0.000245, 0.033642],
                        "num_object" : 2000000,
                        "total" : 77.678443
                },
                "16,4" : {
                        "steps" : [0.035092, 0.936871, 20.445863, 46.334390, 1.300363, 0.030578, 0.044113, 1.877158, 0.049351],
                        "num_object" : 2000000,
                        "total" : 71.131341
                },
                "8,8" : {
                        "steps" : [0.013221, 0.925471, 19.811801, 39.347117, 1.100769, 0.027818, 0.039001, 1.199827, 0.001821],
                        "num_object" : 2000000,
                        "total" : 62.473890
                },
                "4,16" : {
                        "steps" : [0.013314, 0.816788, 19.469428, 41.368627, 1.077945, 0.021314, 0.033668, 1.671954, 0.001815],
                        "num_object" : 2000000,
                        "total" : 64.482214
                },
                "2,32" : {
                        "steps" : [0.013288, 1.934741, 22.662128, 46.114932, 1.068401, 0.017539, 0.034612, 1.159830, 0.001690],
                        "num_object" : 2000000,
                        "total" : 73.014350
                },
                "1,64" : {
                        "steps" : [0.013495, 1.939066, 24.378240, 47.996448, 1.328895, 0.017279, 0.033936, 0.950096, 0.001691],
                        "num_object" : 2000000,
                        "total" : 76.667311
                },
                "32,1" : {
                        "steps" : [0.040953, 8.273207, 45.834104, 67.946801, 2.660535, 0.088450, 0.174745, 0.000101, 0.003160],
                        "num_object" : 2000000,
                        "total" : 125.051488
                },
                "16,2" : {
                        "steps" : [0.064905, 5.764230, 43.705790, 115.773736, 2.305292, 0.095440, 0.175130, 1.446464, 0.028894],
                        "num_object" : 2000000,
                        "total" : 169.394603
                },
                "8,4" : {
                        "steps" : [0.038502, 1.628129, 40.664747, 124.795389, 2.234423, 0.053612, 0.099738, 2.748578, 0.003836],
                        "num_object" : 2000000,
                        "total" : 172.281280
                },
                "4,8" : {
                        "steps" : [0.035434, 1.797345, 40.838722, 110.519998, 2.190770, 0.042229, 0.081700, 2.561103, 0.003593],
                        "num_object" : 2000000,
                        "total" : 158.085597
                },
                "2,16" : {
                        "steps" : [0.036006, 1.413560, 38.421160, 115.339289, 2.047373, 0.037506, 0.082209, 3.003458, 0.003546],
                        "num_object" : 2000000,
                        "total" : 160.399424
                },
                "1,32" : {
                        "steps" : [0.034482, 3.633124, 41.644353, 139.325029, 1.854960, 0.037279, 0.091318, 4.406541, 0.003434],
                        "num_object" : 2000000,
                        "total" : 191.046337
                },
                "16,1" : {
                        "steps" : [0.129948, 12.890717, 91.053379, 123.045792, 4.587030, 0.316421, 0.882823, 0.012939, 0.047366],
                        "num_object" : 2000000,
                        "total" : 233.120357
                },
                "8,2" : {
                        "steps" : [0.087242, 6.821118, 88.058823, 196.925978, 4.222458, 0.141723, 0.246908, 2.507575, 0.023654],
                        "num_object" : 2000000,
                        "total" : 299.092833
                },
                "4,4" : {
                        "steps" : [0.069305, 2.491262, 77.868381, 194.393789, 4.032464, 0.091806, 0.180951, 5.229430, 0.006038],
                        "num_object" : 2000000,
                        "total" : 284.387652
                },
                "2,8" : {
                        "steps" : [0.069697, 2.758649, 78.567686, 192.916860, 3.406171, 0.078691, 0.145049, 4.674076, 0.005729],
                        "num_object" : 2000000,
                        "total" : 282.647276
                },
                "1,16" : {
                        "steps" : [0.069978, 4.283811, 79.158758, 211.071365, 4.080914, 0.074296, 0.170031, 4.222699, 0.005687],
                        "num_object" : 2000000,
                        "total" : 303.163204
                },
                "8,1" : {
                        "steps" : [0.128655, 12.394137, 181.235278, 232.893985, 6.479980, 0.277523, 0.492773, 0.000111, 0.008986],
                        "num_object" : 2000000,
                        "total" : 433.946579
                },
                "4,2" : {
                        "steps" : [0.142739, 8.121556, 172.830110, 364.408098, 6.599811, 0.225259, 0.434682, 3.022889, 0.010539],
                        "num_object" : 2000000,
                        "total" : 555.842691
                },
                "2,4" : {
                        "steps" : [0.137401, 3.260835, 149.412053, 401.073883, 7.190536, 0.158169, 0.325433, 8.071801, 0.010183],
                        "num_object" : 2000000,
                        "total" : 569.686755
                },
                "1,8" : {
                        "steps" : [0.135386, 4.443612, 145.072527, 382.950986, 5.970840, 0.141915, 0.314929, 8.034133, 0.010640],
                        "num_object" : 2000000,
                        "total" : 547.122066
                },
                "4,1" : {
                        "steps" : [0.250880, 13.505008, 362.946669, 444.306000, 10.465557, 0.427436, 0.758102, 0.000117, 0.012131],
                        "num_object" : 2000000,
                        "total" : 832.731221
                },
                "2,2" : {
                        "steps" : [0.270580, 4.282657, 329.560112, 627.860323, 8.700402, 0.319665, 0.613394, 9.919128, 0.015177],
                        "num_object" : 2000000,
                        "total" : 981.599115
                },
                "1,4" : {
                        "steps" : [0.264167, 3.945348, 292.399617, 649.967050, 9.719006, 0.279550, 0.596161, 12.960849, 0.015557],
                        "num_object" : 2000000,
                        "total" : 970.211180
                },
                "2,1" : {
                        "steps" : [0.496712, 15.730205, 723.547103, 504.466381, 19.661724, 0.762030, 1.378418, 0.000124, 0.019381],
                        "num_object" : 2000000,
                        "total" : 1266.155419
                },
                "1,2" : {
                        "steps" : [0.530193, 5.009170, 641.843459, 1096.041986, 16.199109, 0.583550, 1.130534, 20.798390, 0.022109],
                        "num_object" : 2000000,
                        "total" : 1782.268440
                },
                "1,1" : {
                        "steps" : [0.984452, 18.952405, 1442.202254, 691.472886, 37.213938, 1.523959, 2.033634, 0.000131, 0.037451],
                        "num_object" : 2000000,
                        "total" : 2194.590905
                }
        }
}