{
        "command" : "scaling_test.out 7,max_num_object=2000000,seed=0|15|step;erase_create",
        "results" : {
                "32,2" : {
                        "steps" : [0.030329, 3.239371, 22.244807, 45.034552, 1.487540, 0.056720, 0.077255, 0.738378, 0.002243],
                        "num_object" : 2000000,
                        "total" : 72.940113
                },
                "64,1" : {
                        "steps" : [0.047875, 7.835965, 31.340555, 42.013820, 2.546995, 0.184432, 0.228937, 0.000076, 0.030693],
                        "num_object" : 2000000,
                        "total" : 84.283853
                },
                "16,4" : {
                        "steps" : [0.026371, 0.852393, 20.808726, 44.849374, 1.266660, 0.034162, 0.053978, 1.674970, 0.002354],
                        "num_object" : 2000000,
                        "total" : 69.586660
                },
                "8,8" : {
                        "steps" : [0.014340, 0.890251, 20.392984, 40.237348, 1.210018, 0.028056, 0.051979, 2.180440, 0.035884],
                        "num_object" : 2000000,
                        "total" : 65.121460
                },
                "4,16" : {
                        "steps" : [0.013820, 0.783448, 20.909269, 40.304956, 1.174953, 0.024272, 0.045687, 2.139048, 0.002160],
                        "num_object" : 2000000,
                        "total" : 65.404518
                },
                "2,32" : {
                        "steps" : [0.014125, 1.781083, 21.690198, 43.378983, 1.410282, 0.021968, 0.050399, 1.084773, 0.001840],
                        "num_object" : 2000000,
                        "total" : 69.441005
                },
                "1,64" : {
                        "steps" : [0.014033, 1.653697, 21.562024, 45.655481, 1.911542, 0.021595, 0.056266, 1.477766, 0.001683],
                        "num_object" : 2000000,
                        "total" : 72.362031
                },
                "32,1" : {
                        "steps" : [0.055265, 8.038485, 46.487718, 61.681909, 2.840718, 0.072618, 0.181157, 0.000074, 0.003264],
                        "num_object" : 2000000,
                        "total" : 119.398589
                },
                "16,2" : {
                        "steps" : [0.053794, 5.748332, 44.585489, 118.933910, 2.903935, 0.112069, 0.212872, 1.284061, 0.020531],
                        "num_object" : 2000000,
                        "total" : 173.880929
                },
                "8,4" : {
                        "steps" : [0.037263, 1.641018, 41.102825, 116.658891, 2.495199, 0.055067, 0.131699, 4.827765, 0.030082],
                        "num_object" : 2000000,
                        "total" : 167.047737
                },
                "4,8" : {
                        "steps" : [0.036726, 1.637913, 40.063155, 107.767254, 2.302926, 0.049224, 0.111840, 5.112700, 0.003606],
                        "num_object" : 2000000,
                        "total" : 157.099388
                },
                "2,16" : {
                        "steps" : [0.036928, 3.130735, 41.829891, 108.245136, 3.035764, 0.052002, 0.130464, 3.425041, 0.003379],
                        "num_object" : 2000000,
                        "total" : 159.905134
                },
                "1,32" : {
                        "steps" : [0.037643, 3.595998, 42.654148, 113.265376, 3.812460, 0.040527, 0.131035, 2.190129, 0.003425],
                        "num_object" : 2000000,
                        "total" : 165.746036
                },
                "16,1" : {
                        "steps" : [0.091682, 9.344249, 92.475260, 107.831404, 5.110656, 0.165323, 0.219751, 0.000115, 0.004819],
                        "num_object" : 2000000,
                        "total" : 215.279925
                },
                "8,2" : {
                        "steps" : [0.074182, 6.729216, 104.298051, 184.566383, 5.457244, 0.178016, 0.348177, 4.319410, 0.005660],
                        "num_object" : 2000000,
                        "total" : 306.001569
                },
                "4,4" : {
                        "steps" : [0.073290, 2.149487, 82.606181, 192.189615, 4.773709, 0.099512, 0.248501, 6.251347, 0.005978],
                        "num_object" : 2000000,
                        "total" : 288.421640
                },
                "2,8" : {
                        "steps" : [0.079007, 4.530402, 85.099232, 191.344494, 5.232778, 0.123408, 0.252939, 5.020674, 0.005513],
                        "num_object" : 2000000,
                        "total" : 291.715163
                },
                "1,16" : {
                        "steps" : [0.074198, 4.496230, 84.857693, 194.193758, 7.192250, 0.129520, 0.303334, 3.101230, 0.005720],
                        "num_object" : 2000000,
                        "total" : 294.380229
                },
                "8,1" : {
                        "steps" : [0.134868, 11.877010, 184.570885, 214.942643, 9.824576, 0.302455, 0.498423, 0.000113, 0.008954],
                        "num_object" : 2000000,
                        "total" : 422.195167
                },
                "4,2" : {
                        "steps" : [0.146170, 8.226507, 175.842374, 315.609375, 9.911801, 0.312610, 0.648802, 3.562674, 0.010192],
                        "num_object" : 2000000,
                        "total" : 514.321514
                },
                "2,4" : {
                        "steps" : [0.144428, 7.522770, 168.676051, 328.733095, 10.274174, 0.251723, 0.529851, 5.662705, 0.010747],
                        "num_object" : 2000000,
                        "total" : 521.852689
                },
                "1,8" : {
                        "steps" : [0.145817, 7.634387, 175.523611, 347.132553, 12.360691, 0.257122, 0.556769, 2.311114, 0.011781],
                        "num_object" : 2000000,
                        "total" : 546.011013
                },
                "4,1" : {
                        "steps" : [0.253861, 12.682072, 368.339323, 416.686740, 16.942876, 0.454205, 0.765433, 0.000118, 0.012439],
                        "num_object" : 2000000,
                        "total" : 816.188552
                },
                "2,2" : {
                        "steps" : [0.280815, 4.435895, 341.161099, 561.903696, 15.953120, 0.353166, 0.734741, 8.925338, 0.015923],
                        "num_object" : 2000000,
                        "total" : 933.820672
                },
                "1,4" : {
                        "steps" : [0.287808, 8.529358, 343.670010, 561.722910, 18.040030, 0.428581, 0.937993, 5.281467, 0.016423],
                        "num_object" : 2000000,
                        "total" : 938.978106
                },
                "2,1" : {
                        "steps" : [0.500816, 15.162861, 737.979455, 778.263497, 26.214018, 0.769170, 1.388762, 0.000117, 0.019340],
                        "num_object" : 2000000,
                        "total" : 1560.388102
                },
                "1,2" : {
                        "steps" : [0.566899, 12.461913, 719.631075, 1003.181886, 26.150777, 0.807253, 1.718800, 7.490012, 0.026642],
                        "num_object" : 2000000,
                        "total" : 1772.134533
                },
                "1,1" : {
                        "steps" : [0.981533, 20.131864, 1470.629749, 722.071834, 41.778940, 1.436731, 2.411524, 0.000128, 0.037707],
                        "num_object" : 2000000,
                        "total" : 2259.655198
                }
        }
}