{
        "command" : "scaling_test.out 7,safety_margin=.3,seed=0|15|step;split_merge",
        "results" : {
                "64,1" : {
                        "steps" : [0.249683, 4.972668, 22.870397, 5.353477, 16.197622, 1.629104, 1.354536, 0.000057, 0.021647],
                        "total" : 52.774971
                },
                "32,2" : {
                        "steps" : [0.203413, 0.608576, 20.899984, 6.230986, 13.112382, 0.737647, 1.100720, 0.110604, 0.017292],
                        "total" : 43.122336
                },
                "16,4" : {
                        "steps" : [0.203659, 0.504051, 20.685741, 5.374751, 11.851755, 0.464374, 0.949507, 0.916317, 0.020077],
                        "total" : 41.070345
                },
                "8,8" : {
                        "steps" : [0.206042, 0.463202, 19.705091, 7.011003, 9.993634, 0.310811, 0.854552, 1.785090, 0.016573],
                        "total" : 40.456229
                },
                "4,16" : {
                        "steps" : [0.201092, 0.344635, 19.219876, 6.462507, 7.945612, 0.226020, 0.794092, 1.665331, 0.016111],
                        "total" : 36.973028
                },
                "2,32" : {
                        "steps" : [0.198423, 0.299949, 19.489125, 6.754866, 7.134088, 0.184715, 0.755712, 1.543114, 0.016480],
                        "total" : 36.473275
                },
                "1,64" : {
                        "steps" : [0.197071, 0.292350, 19.552569, 8.162758, 6.534521, 0.155363, 0.736967, 2.067055, 0.017307],
                        "total" : 37.813295
                },
                "32,1" : {
                        "steps" : [0.406338, 4.428288, 40.051795, 5.588561, 23.401123, 1.739257, 2.535054, 0.000037, 0.034391],
                        "total" : 78.407992
                },
                "16,2" : {
                        "steps" : [0.391412, 0.909016, 41.246134, 8.519428, 23.148632, 0.905493, 1.777977, 0.555139, 0.027401],
                        "total" : 77.664915
                },
                "8,4" : {
                        "steps" : [0.413767, 0.860927, 40.942306, 7.522813, 20.715540, 0.619901, 1.579680, 2.059571, 0.027382],
                        "total" : 74.930172
                },
                "4,8" : {
                        "steps" : [0.394688, 0.559723, 39.038858, 10.854491, 16.057365, 0.449059, 1.424799, 3.848964, 0.027500],
                        "total" : 72.847810
                },
                "2,16" : {
                        "steps" : [0.385590, 0.475512, 37.885621, 11.228570, 13.970458, 0.361635, 1.453232, 2.985146, 0.027106],
                        "total" : 68.950389
                },
                "1,32" : {
                        "steps" : [0.385049, 0.480482, 38.368334, 11.966094, 13.273800, 0.271353, 1.337437, 2.759753, 0.026687],
                        "total" : 69.045142
                },
                "16,1" : {
                        "steps" : [0.794237, 4.957729, 79.337529, 11.639645, 44.101241, 2.209367, 4.657023, 0.000039, 0.056558],
                        "total" : 148.229121
                },
                "8,2" : {
                        "steps" : [0.770020, 1.649380, 81.928442, 12.046517, 39.578605, 1.211229, 3.261375, 1.469597, 0.051712],
                        "total" : 142.317788
                },
                "4,4" : {
                        "steps" : [0.767485, 1.215543, 81.133373, 11.496127, 34.066809, 0.911912, 2.948135, 1.728211, 0.051970],
                        "total" : 134.666912
                },
                "2,8" : {
                        "steps" : [0.769751, 0.891850, 77.330941, 20.506816, 28.613280, 0.721256, 2.819967, 4.336742, 0.052214],
                        "total" : 136.387856
                },
                "1,16" : {
                        "steps" : [0.759404, 0.830765, 75.122098, 21.155636, 25.535809, 0.608491, 2.578268, 4.733648, 0.054538],
                        "total" : 131.719797
                },
                "8,1" : {
                        "steps" : [1.562123, 6.551762, 157.771064, 17.659047, 77.140295, 4.143391, 7.846663, 0.000043, 0.121478],
                        "total" : 273.501522
                },
                "4,2" : {
                        "steps" : [1.513386, 1.709213, 162.524542, 14.863293, 65.430264, 1.926481, 5.995083, 2.264828, 0.054414],
                        "total" : 256.958609
                },
                "2,4" : {
                        "steps" : [1.513813, 1.224434, 163.115051, 18.503440, 56.939303, 1.486058, 5.491672, 4.645933, 0.063423],
                        "total" : 253.658534
                },
                "1,8" : {
                        "steps" : [1.514302, 1.001722, 153.559219, 36.482762, 50.662861, 1.355411, 5.345234, 8.702723, 0.062117],
                        "total" : 259.362289
                },
                "4,1" : {
                        "steps" : [3.092808, 7.051315, 313.489067, 18.950017, 123.845873, 5.732292, 13.053635, 0.000053, 0.128505],
                        "total" : 486.724341
                },
                "2,2" : {
                        "steps" : [2.971418, 1.776035, 324.274426, 24.190748, 115.572508, 3.177037, 10.954553, 5.203063, 0.088732],
                        "total" : 489.498909
                },
                "1,4" : {
                        "steps" : [2.980656, 1.500790, 321.393285, 30.918556, 103.826459, 2.695852, 10.647825, 6.282401, 0.089751],
                        "total" : 481.630102
                },
                "2,1" : {
                        "steps" : [6.020643, 7.690521, 626.335220, 19.208227, 208.993564, 8.993082, 24.246031, 0.000070, 0.173945],
                        "total" : 904.315383
                },
                "1,2" : {
                        "steps" : [5.867051, 2.636241, 647.205630, 37.882783, 210.885864, 5.330245, 20.416219, 2.254321, 0.187606],
                        "total" : 935.130084
                },
                "1,1" : {
                        "steps" : [11.973505, 11.898416, 1245.659881, 21.307382, 403.737757, 15.798307, 46.868521, 0.000070, 0.320801],
                        "total" : 1762.606344
                }
        }
}