{
        "command" : "scaling_test.out 7,safety_margin=.3,seed=0|15|step;split_merge",
        "results" : {
                "1,1" : {
                        "steps" : [13.313395, 13.320775, 1200.550091, 32.563119, 381.031633, 15.740366, 55.420299, 0.000060, 0.369705],
                        "total" : 1718.820749
                },
                "2,1" : {
                        "steps" : [6.033001, 8.154056, 630.256396, 72.374121, 312.124916, 9.282534, 24.616818, 0.000072, 0.168868],
                        "total" : 1065.688592
                },
                "1,2" : {
                        "steps" : [6.346338, 2.815133, 574.721184, 155.956028, 269.103866, 4.376867, 21.190601, 5.450384, 0.194754],
                        "total" : 1042.995857
                },
                "4,1" : {
                        "steps" : [3.191973, 7.329821, 315.857410, 99.254263, 166.276516, 5.832428, 13.194403, 0.000080, 0.116891],
                        "total" : 612.491311
                },
                "2,2" : {
                        "steps" : [3.190263, 2.242341, 287.772715, 111.313369, 168.085519, 2.504583, 11.175346, 1.145895, 0.155597],
                        "total" : 589.047886
                },
                "1,4" : {
                        "steps" : [3.225785, 2.132985, 285.862798, 98.062587, 161.449004, 2.080700, 10.913680, 13.750009, 0.132939],
                        "total" : 579.066270
                },
                "8,1" : {
                        "steps" : [1.563685, 6.749470, 158.744412, 112.025218, 109.151976, 4.271913, 7.828687, 0.000081, 0.106878],
                        "total" : 401.159464
                },
                "4,2" : {
                        "steps" : [1.631610, 2.246646, 143.940767, 88.620681, 92.138977, 1.312450, 6.427972, 4.652353, 0.102804],
                        "total" : 341.817252
                },
                "2,4" : {
                        "steps" : [1.619744, 2.012036, 142.560959, 80.532167, 91.735265, 1.143398, 5.796188, 6.312959, 0.102614],
                        "total" : 332.564553
                },
                "1,8" : {
                        "steps" : [1.609331, 1.909613, 134.952970, 91.175070, 78.957836, 1.027323, 5.642352, 17.109229, 0.102633],
                        "total" : 333.227025
                },
                "16,1" : {
                        "steps" : [0.816562, 5.030500, 79.766899, 66.937450, 202.741585, 2.723432, 4.691270, 0.000038, 0.056448],
                        "total" : 363.139018
                },
                "8,2" : {
                        "steps" : [0.812164, 1.546767, 72.198076, 67.030610, 54.719244, 0.782039, 3.555931, 4.802782, 0.052995],
                        "total" : 205.881910
                },
                "4,4" : {
                        "steps" : [0.817498, 1.131731, 71.491915, 48.923615, 45.708076, 0.642271, 2.994950, 3.820848, 0.056209],
                        "total" : 175.971445
                },
                "2,8" : {
                        "steps" : [0.810364, 1.017737, 67.719796, 53.152422, 42.465478, 0.577463, 2.787933, 12.605757, 0.052229],
                        "total" : 181.566902
                },
                "1,16" : {
                        "steps" : [0.842805, 1.195711, 66.341985, 47.967040, 40.812507, 0.503611, 2.663471, 11.229841, 0.052478],
                        "total" : 171.984051
                },
                "32,1" : {
                        "steps" : [0.421105, 4.473498, 40.179743, 29.221654, 253.459770, 2.342664, 3.548103, 0.000052, 0.033343],
                        "total" : 333.891431
                },
                "16,2" : {
                        "steps" : [0.417810, 0.912854, 36.375617, 51.910312, 32.813091, 0.451645, 2.115901, 5.954399, 0.032077],
                        "total" : 131.189279
                },
                "8,4" : {
                        "steps" : [0.416983, 0.886624, 36.022969, 37.331164, 23.702723, 0.382258, 1.771023, 2.363248, 0.031479],
                        "total" : 103.111221
                },
                "4,8" : {
                        "steps" : [0.416057, 0.678548, 34.368515, 32.916797, 20.716084, 0.295972, 1.585439, 5.196015, 0.031356],
                        "total" : 96.409970
                },
                "2,16" : {
                        "steps" : [0.412761, 0.809813, 33.492836, 30.108570, 20.431926, 0.279748, 1.393726, 7.028405, 0.031056],
                        "total" : 94.190231
                },
                "1,32" : {
                        "steps" : [0.417036, 0.624023, 33.966529, 28.073362, 21.561486, 0.242794, 1.324357, 7.317721, 0.033055],
                        "total" : 93.852773
                },
                "64,1" : {
                        "steps" : [0.256958, 6.308167, 22.443142, 17.800242, 27.700261, 2.086482, 1.772044, 0.000055, 0.032400],
                        "total" : 78.527878
                },
                "32,2" : {
                        "steps" : [0.179939, 0.583105, 18.336768, 27.333463, 12.277690, 0.255148, 0.807384, 2.521784, 0.013308],
                        "total" : 62.396670
                },
                "16,4" : {
                        "steps" : [0.178326, 0.463590, 18.206834, 19.501735, 11.672132, 0.223973, 0.692437, 1.157911, 0.013485],
                        "total" : 52.200145
                },
                "8,8" : {
                        "steps" : [0.180118, 0.429528, 17.312147, 18.888717, 10.703097, 0.186606, 0.659780, 1.638493, 0.021478],
                        "total" : 50.116512
                },
                "4,16" : {
                        "steps" : [0.177863, 0.414534, 16.961774, 14.406080, 9.788198, 0.145638, 0.638139, 2.736965, 0.012883],
                        "total" : 45.371615
                },
                "2,32" : {
                        "steps" : [0.173495, 0.385715, 17.221400, 13.732884, 10.156979, 0.140426, 0.572671, 3.154430, 0.012176],
                        "total" : 45.639832
                },
                "1,64" : {
                        "steps" : [0.174015, 0.444371, 17.365697, 14.212653, 10.601766, 0.119698, 0.563667, 3.195687, 0.012860],
                        "total" : 46.775509
                }
        }
}