{
        "command" : "zonda_scaling_test.out 7,max_num_object=2000000,seed=0|15|step;erase_create",
        "results" : {
                "32,2" : {
                        "steps" : [0.032812, 3.663917, 22.732270, 43.656525, 1.508482, 0.056086, 0.078445, 0.005570, 0.001828],
                        "num_object" : 2000000,
                        "total" : 71.812238
                },
                "64,1" : {
                        "steps" : [0.047137, 8.108208, 27.048783, 41.028943, 2.272418, 0.131775, 0.170498, 0.000222, 0.059974],
                        "num_object" : 2000000,
                        "total" : 78.939704
                },
                "16,4" : {
                        "steps" : [0.024012, 3.101766, 23.882458, 39.150131, 1.449584, 0.057977, 0.072803, 0.018831, 0.018908],
                        "num_object" : 2000000,
                        "total" : 67.899892
                },
                "8,8" : {
                        "steps" : [0.025378, 2.270915, 25.616083, 34.127576, 1.440295, 0.069101, 0.089812, 0.009876, 0.010977],
                        "num_object" : 2000000,
                        "total" : 63.843331
                },
                "4,16" : {
                        "steps" : [0.015731, 2.528384, 27.435161, 31.998857, 1.467639, 0.041180, 0.072748, 0.013843, 0.001773],
                        "num_object" : 2000000,
                        "total" : 63.843210
                },
                "2,32" : {
                        "steps" : [0.016246, 2.211915, 27.870998, 31.758765, 1.578556, 0.041484, 0.080693, 0.014014, 0.001989],
                        "num_object" : 2000000,
                        "total" : 64.094733
                },
                "1,64" : {
                        "steps" : [0.039270, 10.370129, 32.634269, 110.210771, 5.670690, 0.998493, 14.406539, 0.126810, 0.003870],
                        "num_object" : 2000000,
                        "total" : 175.859410
                },
                "32,1" : {
                        "steps" : [0.049551, 8.178817, 42.675871, 60.662506, 2.722362, 0.074234, 0.167885, 0.000076, 0.003311],
                        "num_object" : 2000000,
                        "total" : 114.596575
                },
                "16,2" : {
                        "steps" : [0.037989, 7.015259, 45.260650, 115.056322, 3.071584, 0.122388, 0.243238, 0.003827, 0.003540],
                        "num_object" : 2000000,
                        "total" : 170.876190
                },
                "8,4" : {
                        "steps" : [0.046747, 5.425018, 48.159805, 106.488242, 3.179057, 0.164465, 0.186416, 0.006504, 0.004306],
                        "num_object" : 2000000,
                        "total" : 163.768274
                },
                "4,8" : {
                        "steps" : [0.041965, 4.399572, 50.062480, 98.426428, 3.195817, 0.105797, 0.217575, 0.010466, 0.003356],
                        "num_object" : 2000000,
                        "total" : 156.613728
                },
                "2,16" : {
                        "steps" : [0.038546, 4.626990, 56.174971, 96.530347, 3.364663, 0.102971, 0.208472, 0.013048, 0.003388],
                        "num_object" : 2000000,
                        "total" : 161.341004
                },
                "1,32" : {
                        "steps" : [0.042237, 4.288283, 57.855922, 96.376337, 4.237917, 0.098090, 0.203471, 0.012362, 0.003443],
                        "num_object" : 2000000,
                        "total" : 163.645135
                },
                "16,1" : {
                        "steps" : [0.065791, 9.032585, 85.259202, 109.791200, 5.440871, 0.136230, 0.235861, 0.000105, 0.004932],
                        "num_object" : 2000000,
                        "total" : 210.015003
                },
                "8,2" : {
                        "steps" : [0.075562, 7.862997, 89.479020, 179.508263, 6.111637, 0.204552, 0.391105, 0.004280, 0.006385],
                        "num_object" : 2000000,
                        "total" : 283.713741
                },
                "4,4" : {
                        "steps" : [0.075194, 6.323654, 93.202724, 169.616443, 6.318497, 0.170861, 0.308546, 0.006250, 0.005642],
                        "num_object" : 2000000,
                        "total" : 276.127079
                },
                "2,8" : {
                        "steps" : [0.074661, 5.494320, 100.705907, 169.955707, 5.983040, 0.154156, 0.328621, 0.013218, 0.005476],
                        "num_object" : 2000000,
                        "total" : 282.875788
                },
                "1,16" : {
                        "steps" : [0.078187, 5.464549, 109.227038, 172.215516, 7.044925, 0.146239, 0.317658, 0.011032, 0.005499],
                        "num_object" : 2000000,
                        "total" : 294.794624
                },
                "8,1" : {
                        "steps" : [0.128284, 11.786661, 169.943060, 215.804003, 10.506377, 0.282137, 0.482936, 0.000118, 0.009076],
                        "num_object" : 2000000,
                        "total" : 409.008023
                },
                "4,2" : {
                        "steps" : [0.148111, 9.660221, 178.156252, 308.933596, 10.571291, 0.330113, 0.657578, 0.003584, 0.010827],
                        "num_object" : 2000000,
                        "total" : 508.562560
                },
                "2,4" : {
                        "steps" : [0.145399, 9.519699, 183.724070, 307.329801, 11.019874, 0.298097, 0.564229, 0.006294, 0.010555],
                        "num_object" : 2000000,
                        "total" : 512.741845
                },
                "1,8" : {
                        "steps" : [0.147032, 8.135882, 203.092047, 328.432228, 12.200572, 0.262144, 0.554556, 0.009985, 0.011563],
                        "num_object" : 2000000,
                        "total" : 553.027751
                },
                "4,1" : {
                        "steps" : [0.250732, 12.082553, 337.347928, 410.321139, 17.880034, 0.454285, 0.724712, 0.000110, 0.012259],
                        "num_object" : 2000000,
                        "total" : 779.152182
                },
                "2,2" : {
                        "steps" : [0.285526, 10.000175, 353.700053, 522.427515, 19.460984, 0.526258, 0.991206, 0.003286, 0.016090],
                        "num_object" : 2000000,
                        "total" : 907.510337
                },
                "1,4" : {
                        "steps" : [0.292478, 9.901550, 363.910680, 527.111729, 18.582641, 0.478491, 0.958085, 0.004969, 0.015578],
                        "num_object" : 2000000,
                        "total" : 921.390879
                },
                "2,1" : {
                        "steps" : [0.498094, 14.589636, 678.546984, 785.521494, 27.467031, 0.830945, 1.286617, 0.000111, 0.019383],
                        "num_object" : 2000000,
                        "total" : 1508.880365
                },
                "1,2" : {
                        "steps" : [0.556616, 13.285005, 693.474750, 971.247504, 28.579919, 0.825289, 1.606735, 0.002557, 0.022182],
                        "num_object" : 2000000,
                        "total" : 1709.750672
                },
                "1,1" : {
                        "steps" : [0.982744, 21.141874, 1349.616610, 735.797177, 41.671749, 1.427293, 2.165517, 0.000120, 0.037956],
                        "num_object" : 2000000,
                        "total" : 2153.032597
                }
        }
}