{
    "command": "scaling_test.out 8,safety_margin=0.3,seed=0|15|step;split_merge", 
    "results": {
        "18,52": {
            "num_object": 570477404, 
            "total": 56.930541, 
            "steps": [
                0.231625, 
                0.56973, 
                20.334034, 
                13.270351, 
                15.023243, 
                0.395978, 
                1.337094, 
                5.549741, 
                0.021637
            ]
        }, 
        "18,28": {
            "num_object": 310446922, 
            "total": 54.147559, 
            "steps": [
                0.235566, 
                0.676838, 
                21.397847, 
                9.56572, 
                16.154721, 
                0.61814, 
                1.371709, 
                3.973312, 
                0.02735
            ]
        }, 
        "18,58": {
            "num_object": 634407856, 
            "total": 55.97113, 
            "steps": [
                0.220746, 
                0.512611, 
                20.19825, 
                12.263729, 
                15.392429, 
                0.517467, 
                1.385465, 
                5.342204, 
                0.024039
            ]
        }, 
        "18,70": {
            "num_object": 763030214, 
            "total": 54.92873, 
            "steps": [
                0.20119, 
                0.501477, 
                19.774971, 
                11.711098, 
                14.454042, 
                0.503487, 
                1.296596, 
                6.357134, 
                0.021846
            ]
        }, 
        "18,16": {
            "num_object": 182381880, 
            "total": 60.306897, 
            "steps": [
                0.253137, 
                0.900819, 
                24.284101, 
                11.941541, 
                17.696395, 
                0.629872, 
                1.398264, 
                3.041183, 
                0.022171
            ]
        }, 
        "18,20": {
            "num_object": 223414342, 
            "total": 56.987943, 
            "steps": [
                0.243296, 
                0.734339, 
                22.924014, 
                10.338125, 
                16.60251, 
                0.608501, 
                1.424895, 
                3.954592, 
                0.023885
            ]
        }, 
        "18,32": {
            "num_object": 351432622, 
            "total": 53.589227, 
            "steps": [
                0.231249, 
                0.627313, 
                22.194836, 
                8.467786, 
                15.997692, 
                0.615616, 
                1.393991, 
                3.909234, 
                0.028247
            ]
        }, 
        "18,40": {
            "num_object": 437838862, 
            "total": 55.730794, 
            "steps": [
                0.217355, 
                0.570761, 
                20.453017, 
                11.199469, 
                14.567864, 
                0.57981, 
                1.91662, 
                6.075447, 
                0.031053
            ]
        }, 
        "18,64": {
            "num_object": 701353474, 
            "total": 57.560084, 
            "steps": [
                0.2219, 
                1.172694, 
                20.439929, 
                12.839541, 
                15.133658, 
                0.621703, 
                1.648301, 
                5.340884, 
                0.025253
            ]
        }, 
        "18,24": {
            "num_object": 264388444, 
            "total": 58.076373, 
            "steps": [
                0.239211, 
                0.769492, 
                22.167606, 
                10.97465, 
                16.36118, 
                0.64604, 
                2.089755, 
                4.676147, 
                0.023658
            ]
        }, 
        "18,36": {
            "num_object": 396785292, 
            "total": 54.057275, 
            "steps": [
                0.214271, 
                0.56565, 
                19.998627, 
                11.050863, 
                14.484148, 
                0.56856, 
                1.995719, 
                5.044487, 
                0.021458
            ]
        }, 
        "18,2": {
            "num_object": 23005844, 
            "total": 73.115571, 
            "steps": [
                0.357269, 
                0.838379, 
                37.052679, 
                7.060718, 
                23.652095, 
                0.841371, 
                1.970611, 
                1.128044, 
                0.02458
            ]
        }, 
        "18,12": {
            "num_object": 136310486, 
            "total": 60.860774, 
            "steps": [
                0.26723, 
                1.056423, 
                25.552879, 
                8.896079, 
                18.477704, 
                0.744404, 
                1.510427, 
                4.15501, 
                0.021841
            ]
        }, 
        "18,4": {
            "num_object": 45262182, 
            "total": 85.646167, 
            "steps": [
                0.346321, 
                0.802241, 
                34.867619, 
                19.960544, 
                23.15727, 
                0.823576, 
                2.277385, 
                3.203725, 
                0.024514
            ]
        }, 
        "18,8": {
            "num_object": 91135166, 
            "total": 72.900434, 
            "steps": [
                0.324588, 
                1.358779, 
                31.431083, 
                12.425746, 
                22.450386, 
                0.943363, 
                1.830581, 
                1.893516, 
                0.025993
            ]
        }, 
        "18,46": {
            "num_object": 505804328, 
            "total": 55.0872, 
            "steps": [
                0.229235, 
                1.110537, 
                19.792994, 
                12.06084, 
                14.540966, 
                0.589518, 
                1.487201, 
                5.135467, 
                0.022223
            ]
        }
    }
}