{
        "command" : "scaling_test.out 5,safety_margin=.3,seed=0|15|step;erase_create",
        "results" : {
                "1,1" : {
                        "steps" : [0.477012, 13.524006, 881.975562, 728.724355, 15.474908, 0.762320, 1.358877, 0.000033, 0.023908],
                        "total" : 1642.415454
                },
                "2,1" : {
                        "steps" : [0.263761, 9.643406, 457.978604, 322.707051, 10.588783, 0.495477, 0.706531, 0.000018, 0.015697],
                        "total" : 802.450175
                },
                "1,2" : {
                        "steps" : [0.252307, 6.415184, 366.841154, 659.638351, 10.020018, 0.367859, 0.786208, 1.484426, 0.011732],
                        "total" : 1045.866598
                },
                "4,1" : {
                        "steps" : [0.134200, 8.454272, 230.169940, 260.630037, 6.416135, 0.282268, 0.395366, 0.000018, 0.008858],
                        "total" : 506.514781
                },
                "2,2" : {
                        "steps" : [0.157578, 5.189933, 185.087404, 347.948987, 5.648693, 0.215908, 0.423420, 1.433639, 0.008195],
                        "total" : 546.144462
                },
                "1,4" : {
                        "steps" : [0.128451, 2.943044, 170.912821, 378.587839, 6.420456, 0.159215, 0.370354, 1.415339, 0.008192],
                        "total" : 560.970761
                },
                "8,1" : {
                        "steps" : [0.070646, 7.869557, 115.640587, 219.259395, 4.122446, 0.201569, 0.252930, 0.000016, 0.006885],
                        "total" : 347.443198
                },
                "4,2" : {
                        "steps" : [0.066370, 4.672991, 92.740298, 185.928262, 3.327111, 0.131120, 0.287105, 0.685150, 0.005617],
                        "total" : 287.865315
                },
                "2,4" : {
                        "steps" : [0.065626, 2.401179, 86.007946, 203.367871, 3.347732, 0.097017, 0.199953, 0.893785, 0.005551],
                        "total" : 296.408133
                },
                "1,8" : {
                        "steps" : [0.064829, 3.294685, 81.158129, 198.955675, 4.125447, 0.112597, 0.236296, 0.288940, 0.005900],
                        "total" : 288.263287
                },
                "16,1" : {
                        "steps" : [0.036069, 5.896309, 57.812306, 181.879701, 2.173618, 0.135473, 0.142395, 0.000030, 0.003481],
                        "total" : 248.090673
                },
                "8,2" : {
                        "steps" : [0.035179, 3.655735, 47.410651, 109.702221, 1.939251, 0.062069, 0.100283, 0.195867, 0.003040],
                        "total" : 163.115197
                },
                "4,4" : {
                        "steps" : [0.033331, 1.314794, 43.210677, 104.304631, 1.831482, 0.058053, 0.126183, 0.410451, 0.002945],
                        "total" : 151.303091
                },
                "2,8" : {
                        "steps" : [0.033373, 2.394060, 40.994243, 106.794095, 2.222206, 0.060816, 0.131628, 0.318348, 0.003008],
                        "total" : 152.963182
                },
                "1,16" : {
                        "steps" : [0.033229, 2.070016, 38.508808, 113.834554, 2.301352, 0.046178, 0.106645, 0.275678, 0.003037],
                        "total" : 157.190549
                },
                "32,1" : {
                        "steps" : [0.039666, 5.556232, 29.139765, 47.054179, 1.353528, 0.104976, 0.127006, 0.000009, 0.002125],
                        "total" : 83.407899
                },
                "16,2" : {
                        "steps" : [0.017530, 2.982329, 23.901922, 65.769907, 1.089099, 0.043945, 0.062873, 0.166910, 0.001967],
                        "total" : 94.042875
                },
                "8,4" : {
                        "steps" : [0.016744, 0.993726, 21.866185, 69.393310, 1.104234, 0.038275, 0.074176, 0.263967, 0.013815],
                        "total" : 93.770277
                },
                "4,8" : {
                        "steps" : [0.016634, 2.161847, 20.733248, 60.672718, 1.156561, 0.027975, 0.079933, 0.216727, 0.001853],
                        "total" : 85.073570
                },
                "2,16" : {
                        "steps" : [0.016680, 1.806384, 19.703736, 63.371208, 1.299826, 0.036557, 0.064827, 0.115562, 0.001830],
                        "total" : 86.422765
                },
                "1,32" : {
                        "steps" : [0.017103, 1.735134, 20.144722, 59.343039, 1.597029, 0.037188, 0.090872, 0.041782, 0.001885],
                        "total" : 83.015007
                },
                "64,1" : {
                        "steps" : [0.028902, 6.903943, 20.869967, 36.251733, 1.201129, 0.124799, 0.053217, 0.000017, 0.001421],
                        "total" : 65.454249
                },
                "32,2" : {
                        "steps" : [0.023792, 2.498351, 11.955565, 27.075789, 0.621895, 0.026922, 0.029138, 0.070221, 0.001040],
                        "total" : 42.314210
                },
                "16,4" : {
                        "steps" : [0.006372, 0.504801, 10.914922, 36.294759, 0.588047, 0.022115, 0.028475, 0.150748, 0.001018],
                        "total" : 48.513699
                },
                "8,8" : {
                        "steps" : [0.006235, 1.257877, 10.248832, 27.069650, 0.570411, 0.017928, 0.032363, 0.088469, 0.000996],
                        "total" : 39.295188
                },
                "4,16" : {
                        "steps" : [0.006235, 1.049329, 9.706975, 25.425317, 0.605534, 0.018203, 0.033050, 0.064550, 0.000963],
                        "total" : 36.912516
                },
                "2,32" : {
                        "steps" : [0.006271, 0.922489, 9.944444, 24.962602, 0.703138, 0.019464, 0.034781, 0.025776, 0.001079],
                        "total" : 36.622100
                },
                "1,64" : {
                        "steps" : [0.005844, 1.133483, 13.510337, 17.881788, 0.704392, 0.013949, 0.026450, 0.049223, 0.001074],
                        "total" : 33.328383
                }
        }
}