{
        "command" : "scaling_test.out 8,max_num_object=30000000,seed=0|15|step;split_merge",
        "results" : {
                "64,1" : {
                        "steps" : [0.490413, 7.037003, 34.016999, 8.849183, 25.946075, 3.682155, 2.959516, 0.000387, 0.085076],
                        "num_object" : 30000000,
                        "total" : 83.331295
                },
                "32,2" : {
                        "steps" : [0.363593, 1.084421, 32.917875, 8.229769, 19.146651, 1.362362, 1.809510, 0.716811, 0.026568],
                        "num_object" : 30000000,
                        "total" : 65.896773
                },
                "16,4" : {
                        "steps" : [0.356031, 0.873728, 32.607380, 7.322258, 17.490323, 0.942652, 1.498486, 1.961641, 0.038966],
                        "num_object" : 30000000,
                        "total" : 63.287207
                },
                "8,8" : {
                        "steps" : [0.347050, 0.778867, 31.819395, 8.920342, 16.569139, 0.560880, 1.313782, 1.582077, 0.026017],
                        "num_object" : 30000000,
                        "total" : 62.112125
                },
                "4,16" : {
                        "steps" : [0.345228, 0.744519, 31.410191, 7.849776, 12.953895, 0.389514, 1.258748, 1.758757, 0.025486],
                        "num_object" : 30000000,
                        "total" : 56.934575
                },
                "2,32" : {
                        "steps" : [0.343327, 0.685799, 31.430261, 8.833746, 11.357715, 0.326411, 1.227134, 2.643115, 0.025871],
                        "num_object" : 30000000,
                        "total" : 57.071056
                },
                "1,64" : {
                        "steps" : [0.343140, 0.807778, 31.926123, 11.606323, 10.374322, 0.258292, 1.152271, 3.745747, 0.026241],
                        "num_object" : 30000000,
                        "total" : 60.437909
                },
                "32,1" : {
                        "steps" : [0.782667, 7.211792, 62.559612, 8.378710, 36.938751, 3.251692, 6.422065, 0.000080, 0.073979],
                        "num_object" : 30000000,
                        "total" : 126.000011
                },
                "16,2" : {
                        "steps" : [0.843761, 1.576178, 65.112006, 13.622404, 33.662855, 1.302107, 6.845648, 3.291543, 0.055830],
                        "num_object" : 30000000,
                        "total" : 126.721887
                },
                "8,4" : {
                        "steps" : [0.847409, 1.533220, 65.347367, 12.624078, 31.160015, 1.143247, 5.665357, 2.663880, 0.055636],
                        "num_object" : 30000000,
                        "total" : 121.458433
                },
                "4,8" : {
                        "steps" : [0.837729, 1.239595, 63.248232, 17.160952, 25.204941, 0.726449, 3.250778, 6.748700, 0.059204],
                        "num_object" : 30000000,
                        "total" : 118.935784
                },
                "2,16" : {
                        "steps" : [0.775536, 1.176155, 62.671327, 17.425003, 22.878182, 0.722241, 3.911104, 2.912877, 0.052258],
                        "num_object" : 30000000,
                        "total" : 112.928580
                },
                "1,32" : {
                        "steps" : [0.769844, 1.128829, 62.297428, 17.970203, 21.737215, 0.510528, 4.281143, 3.033530, 0.050705],
                        "num_object" : 30000000,
                        "total" : 112.161646
                },
                "16,1" : {
                        "steps" : [1.616648, 8.107659, 127.591669, 17.532529, 66.899250, 4.334446, 9.811691, 0.000089, 0.082989],
                        "num_object" : 30000000,
                        "total" : 236.780603
                },
                "8,2" : {
                        "steps" : [1.646585, 2.598661, 129.634329, 18.076865, 61.537903, 1.996704, 10.766190, 3.417682, 0.090326],
                        "num_object" : 30000000,
                        "total" : 230.547823
                },
                "4,4" : {
                        "steps" : [1.642451, 2.040957, 128.221945, 17.965825, 52.152743, 1.511330, 8.252231, 1.827502, 0.086428],
                        "num_object" : 30000000,
                        "total" : 214.473473
                },
                "2,8" : {
                        "steps" : [1.553968, 1.455142, 124.940472, 27.562818, 45.356471, 1.253068, 7.236582, 5.965674, 0.083274],
                        "num_object" : 30000000,
                        "total" : 216.154671
                },
                "1,16" : {
                        "steps" : [1.473152, 1.669937, 123.326671, 26.834330, 39.759099, 0.911845, 6.470964, 7.407077, 0.086990],
                        "num_object" : 30000000,
                        "total" : 208.682659
                },
                "8,1" : {
                        "steps" : [2.977584, 10.087435, 252.668118, 27.604741, 117.573152, 6.389453, 14.958981, 0.000102, 0.151733],
                        "num_object" : 30000000,
                        "total" : 433.771552
                },
                "4,2" : {
                        "steps" : [3.225725, 4.033257, 260.002201, 23.739360, 98.938328, 2.995331, 14.871767, 6.570827, 0.158000],
                        "num_object" : 30000000,
                        "total" : 416.513736
                },
                "2,4" : {
                        "steps" : [3.089134, 3.519406, 259.124479, 29.695135, 90.067980, 2.458254, 13.852265, 8.669526, 0.159944],
                        "num_object" : 30000000,
                        "total" : 412.407411
                },
                "1,8" : {
                        "steps" : [3.020016, 2.737155, 251.393689, 47.450054, 79.976479, 2.069119, 12.568103, 14.242633, 0.161796],
                        "num_object" : 30000000,
                        "total" : 415.454216
                },
                "4,1" : {
                        "steps" : [5.781538, 11.025367, 495.524912, 30.058842, 185.211675, 8.585986, 23.532288, 0.000114, 0.179445],
                        "num_object" : 30000000,
                        "total" : 762.509584
                },
                "2,2" : {
                        "steps" : [6.034518, 4.576681, 515.505374, 33.887193, 176.933030, 4.893269, 26.814627, 11.232645, 0.198079],
                        "num_object" : 30000000,
                        "total" : 782.841783
                },
                "1,4" : {
                        "steps" : [6.066066, 4.048724, 512.814596, 47.378130, 162.174808, 4.225554, 24.615799, 15.151656, 0.198068],
                        "num_object" : 30000000,
                        "total" : 780.551687
                },
                "2,1" : {
                        "steps" : [10.968488, 12.499185, 989.241493, 29.991801, 327.864451, 14.309702, 43.897142, 0.000122, 0.234697],
                        "num_object" : 30000000,
                        "total" : 1436.209638
                },
                "1,2" : {
                        "steps" : [11.903325, 4.749291, 1029.252708, 48.850444, 325.503914, 8.232768, 48.700939, 17.538976, 0.233396],
                        "num_object" : 30000000,
                        "total" : 1502.646219
                },
                "1,1" : {
                        "steps" : [21.019955, 16.665851, 1964.028704, 33.412014, 616.553782, 24.633039, 83.384525, 0.000113, 0.457425],
                        "num_object" : 30000000,
                        "total" : 2769.741586
                }
        }
}