{
        "command" : "scaling_test.out 7,max_num_object=2000000,seed=0|15|step;erase_create",
        "results" : {
                "64,1" : {
                        "steps" : [0.031543, 8.302138, 27.687323, 61.290228, 2.613217, 0.104492, 0.133047, 0.000304, 0.002280],
                        "num_object" : 2000000,
                        "total" : 100.195592
                },
                "32,2" : {
                        "steps" : [0.019772, 3.361606, 21.188593, 67.526132, 1.535971, 0.051541, 0.077324, 2.381830, 0.003054],
                        "num_object" : 2000000,
                        "total" : 96.152843
                },
                "16,4" : {
                        "steps" : [0.017839, 0.868212, 19.515406, 62.407507, 1.266293, 0.031606, 0.046149, 4.228383, 0.021904],
                        "num_object" : 2000000,
                        "total" : 88.410014
                },
                "8,8" : {
                        "steps" : [0.016944, 0.985481, 21.036553, 52.611364, 1.145154, 0.026052, 0.040411, 2.101243, 0.002218],
                        "num_object" : 2000000,
                        "total" : 77.972374
                },
                "4,16" : {
                        "steps" : [0.013872, 1.852767, 21.677670, 44.803588, 1.175707, 0.023739, 0.039044, 1.909578, 0.002169],
                        "num_object" : 2000000,
                        "total" : 71.505146
                },
                "2,32" : {
                        "steps" : [0.012909, 1.698095, 21.469166, 50.501509, 1.172306, 0.020873, 0.036702, 2.326578, 0.001797],
                        "num_object" : 2000000,
                        "total" : 77.252382
                },
                "1,64" : {
                        "steps" : [0.012749, 1.295167, 17.056637, 51.288361, 1.716290, 0.018275, 0.037150, 1.863262, 0.001609],
                        "num_object" : 2000000,
                        "total" : 73.297692
                },
                "32,1" : {
                        "steps" : [0.042699, 7.786935, 46.683307, 105.103084, 3.170637, 0.114582, 0.174852, 0.000100, 0.003132],
                        "num_object" : 2000000,
                        "total" : 163.092148
                },
                "16,2" : {
                        "steps" : [0.050230, 5.022605, 43.499860, 181.852634, 2.802305, 0.089242, 0.162616, 6.564637, 0.003838],
                        "num_object" : 2000000,
                        "total" : 240.063924
                },
                "8,4" : {
                        "steps" : [0.044758, 1.754297, 41.471733, 138.478440, 2.560506, 0.052978, 0.112141, 4.514346, 0.003613],
                        "num_object" : 2000000,
                        "total" : 189.007692
                },
                "4,8" : {
                        "steps" : [0.038252, 1.675809, 41.277639, 113.444624, 2.322909, 0.041948, 0.091277, 5.580049, 0.003582],
                        "num_object" : 2000000,
                        "total" : 164.490700
                },
                "2,16" : {
                        "steps" : [0.036842, 3.734818, 44.827791, 115.192833, 2.476152, 0.052336, 0.102582, 2.935673, 0.003625],
                        "num_object" : 2000000,
                        "total" : 169.378199
                },
                "1,32" : {
                        "steps" : [0.034511, 3.194314, 42.055084, 129.168894, 2.775388, 0.045199, 0.092317, 3.673447, 0.003716],
                        "num_object" : 2000000,
                        "total" : 181.068266
                },
                "16,1" : {
                        "steps" : [0.093200, 8.832923, 93.966688, 350.173555, 4.927433, 0.188940, 0.278044, 0.000133, 0.004924],
                        "num_object" : 2000000,
                        "total" : 458.486653
                },
                "8,2" : {
                        "steps" : [0.086455, 6.680374, 87.572801, 250.466536, 4.999393, 0.145790, 0.267868, 5.378068, 0.006312],
                        "num_object" : 2000000,
                        "total" : 355.630061
                },
                "4,4" : {
                        "steps" : [0.077375, 2.736732, 81.310811, 183.036913, 4.465604, 0.087772, 0.177655, 6.530974, 0.005619],
                        "num_object" : 2000000,
                        "total" : 278.454619
                },
                "2,8" : {
                        "steps" : [0.079158, 5.440295, 89.302212, 183.444800, 5.033909, 0.095424, 0.177405, 4.597798, 0.006183],
                        "num_object" : 2000000,
                        "total" : 288.218849
                },
                "1,16" : {
                        "steps" : [0.078235, 5.651667, 92.730135, 252.464952, 6.192285, 0.339821, 1.835043, 2.399350, 0.007636],
                        "num_object" : 2000000,
                        "total" : 362.023937
                },
                "8,1" : {
                        "steps" : [0.129902, 11.396735, 193.970470, 365.343757, 9.838068, 0.280149, 0.405884, 0.000139, 0.009080],
                        "num_object" : 2000000,
                        "total" : 581.410782
                },
                "4,2" : {
                        "steps" : [0.139432, 8.379637, 173.837833, 347.459774, 8.955969, 0.225896, 0.434603, 0.123101, 0.010237],
                        "num_object" : 2000000,
                        "total" : 539.617638
                },
                "2,4" : {
                        "steps" : [0.139748, 3.745532, 158.738346, 360.294505, 10.528524, 0.166835, 0.337427, 10.686147, 0.010734],
                        "num_object" : 2000000,
                        "total" : 544.696919
                },
                "1,8" : {
                        "steps" : [0.138723, 7.589588, 174.265171, 407.366509, 7.148361, 0.180699, 0.354218, 2.853072, 0.011917],
                        "num_object" : 2000000,
                        "total" : 599.961594
                },
                "4,1" : {
                        "steps" : [0.251901, 12.218987, 367.668161, 412.783552, 16.058253, 0.438645, 0.669984, 0.000116, 0.017213],
                        "num_object" : 2000000,
                        "total" : 810.151367
                },
                "2,2" : {
                        "steps" : [0.273574, 4.803138, 338.596308, 587.811031, 16.565917, 0.298988, 0.626633, 16.016307, 0.015625],
                        "num_object" : 2000000,
                        "total" : 965.071716
                },
                "1,4" : {
                        "steps" : [0.272255, 4.386153, 303.260871, 713.582085, 9.605615, 0.274086, 0.595277, 11.992498, 0.016047],
                        "num_object" : 2000000,
                        "total" : 1044.049660
                },
                "2,1" : {
                        "steps" : [0.500500, 13.919479, 735.671934, 447.332721, 24.678536, 0.825470, 1.189779, 0.000130, 0.019160],
                        "num_object" : 2000000,
                        "total" : 1224.225228
                },
                "1,2" : {
                        "steps" : [0.536251, 5.170039, 628.246961, 1164.159649, 17.028382, 0.528656, 1.131606, 16.448337, 0.026920],
                        "num_object" : 2000000,
                        "total" : 1833.508429
                },
                "1,1" : {
                        "steps" : [0.966352, 20.264460, 1470.940764, 619.851880, 35.812510, 1.392035, 2.104154, 0.000103, 0.037502],
                        "num_object" : 2000000,
                        "total" : 2151.532949
                }
        }
}