{
    "command": "scaling_test.out 7,safety_margin=0.3,seed=0|15|step;split_merge", 
    "results": {
        "18,52": {
            "num_object": 494849524, 
            "total": 29.782316, 
            "steps": [
                0.108023, 
                0.366608, 
                9.93558, 
                6.909835, 
                7.578415, 
                0.223618, 
                0.784151, 
                3.71797, 
                0.02253
            ]
        }, 
        "18,28": {
            "num_object": 265477046, 
            "total": 31.044211, 
            "steps": [
                0.11137, 
                0.471492, 
                11.412607, 
                6.199376, 
                8.50546, 
                0.27376, 
                0.789276, 
                3.202241, 
                0.016884
            ]
        }, 
        "18,16": {
            "num_object": 154053602, 
            "total": 34.456397, 
            "steps": [
                0.128649, 
                0.655743, 
                14.328746, 
                5.571929, 
                10.456024, 
                0.32669, 
                0.828932, 
                2.066435, 
                0.022873
            ]
        }, 
        "18,20": {
            "num_object": 191374032, 
            "total": 34.863602, 
            "steps": [
                0.120616, 
                0.614164, 
                12.921476, 
                7.411857, 
                9.36341, 
                0.304326, 
                1.054112, 
                2.980592, 
                0.025283
            ]
        }, 
        "18,32": {
            "num_object": 304131650, 
            "total": 31.187215, 
            "steps": [
                0.109315, 
                0.468472, 
                11.517481, 
                5.196887, 
                8.509548, 
                0.26442, 
                0.812123, 
                4.222521, 
                0.024989
            ]
        }, 
        "18,40": {
            "num_object": 379929640, 
            "total": 30.296414, 
            "steps": [
                0.100627, 
                0.384814, 
                10.469695, 
                6.405524, 
                7.505032, 
                0.261033, 
                0.778223, 
                4.309745, 
                0.024849
            ]
        }, 
        "18,24": {
            "num_object": 228263120, 
            "total": 34.758798, 
            "steps": [
                0.114413, 
                0.577874, 
                12.106346, 
                8.154099, 
                8.586769, 
                0.293025, 
                0.842853, 
                3.989941, 
                0.028217
            ]
        }, 
        "18,36": {
            "num_object": 342571634, 
            "total": 30.710403, 
            "steps": [
                0.099964, 
                0.56369, 
                10.805946, 
                6.733441, 
                7.683659, 
                0.236988, 
                0.737866, 
                3.779261, 
                0.015695
            ]
        }, 
        "18,2": {
            "num_object": 20439584, 
            "total": 53.852953, 
            "steps": [
                0.229599, 
                0.667557, 
                25.776361, 
                6.229824, 
                17.519319, 
                0.544554, 
                1.224535, 
                1.521094, 
                0.017878
            ]
        }, 
        "18,12": {
            "num_object": 117551544, 
            "total": 38.218193, 
            "steps": [
                0.151683, 
                0.794582, 
                15.800261, 
                5.939181, 
                11.726336, 
                0.309116, 
                0.926242, 
                2.438023, 
                0.015977
            ]
        }, 
        "18,4": {
            "num_object": 41194228, 
            "total": 59.754615, 
            "steps": [
                0.221799, 
                0.632053, 
                25.258701, 
                12.777385, 
                16.636461, 
                0.496516, 
                1.356009, 
                2.238767, 
                0.018016
            ]
        }, 
        "18,8": {
            "num_object": 80782130, 
            "total": 45.245658, 
            "steps": [
                0.195803, 
                1.09897, 
                20.983272, 
                5.358649, 
                14.148516, 
                0.434413, 
                1.051523, 
                1.806218, 
                0.017762
            ]
        }, 
        "18,46": {
            "num_object": 438244600, 
            "total": 29.799023, 
            "steps": [
                0.107066, 
                0.366198, 
                10.114768, 
                7.593696, 
                7.291528, 
                0.279698, 
                0.789845, 
                3.183941, 
                0.015715
            ]
        }
    }
}