{
        "command" : "scaling_test.out 7,safety_margin=0.3,seed=0|15|step;erase_create",
        "results" : {
                "64,1" : {
                        "steps" : [0.043454, 9.385666, 30.044935, 178.124152, 2.809999, 0.244908, 0.300592, 0.000027, 0.024791],
                        "num_object" : 2552401,
                        "total" : 220.999255
                },
                "32,2" : {
                        "steps" : [0.013526, 1.097749, 18.433862, 61.758005, 1.374122, 0.040221, 0.048747, 0.202949, 0.001905],
                        "num_object" : 1925440,
                        "total" : 82.976236
                },
                "16,4" : {
                        "steps" : [0.011233, 0.988576, 17.229965, 59.698100, 1.199936, 0.030213, 0.042367, 0.253562, 0.001846],
                        "num_object" : 1967620,
                        "total" : 79.460841
                },
                "8,8" : {
                        "steps" : [0.011366, 1.031630, 18.582308, 50.256637, 1.116172, 0.023862, 0.038802, 0.285667, 0.001893],
                        "num_object" : 1970688,
                        "total" : 71.353344
                },
                "4,16" : {
                        "steps" : [0.011190, 0.922195, 19.008537, 43.481094, 1.088578, 0.018342, 0.032203, 0.226588, 0.001676],
                        "num_object" : 1947792,
                        "total" : 64.795284
                },
                "2,32" : {
                        "steps" : [0.010639, 0.750473, 17.991485, 47.882802, 1.061923, 0.015954, 0.030446, 0.295262, 0.001610],
                        "num_object" : 1863616,
                        "total" : 68.044684
                },
                "1,64" : {
                        "steps" : [0.010435, 1.162382, 15.019760, 48.297046, 1.376340, 0.015254, 0.027886, 0.131407, 0.001433],
                        "num_object" : 1905408,
                        "total" : 66.044959
                },
                "32,1" : {
                        "steps" : [0.037273, 9.336002, 50.482618, 108.282915, 3.337259, 0.174125, 0.254524, 0.000026, 0.003811],
                        "num_object" : 2592587,
                        "total" : 171.923035
                },
                "16,2" : {
                        "steps" : [0.038738, 2.006569, 37.679997, 153.143759, 2.346408, 0.091333, 0.241474, 1.222868, 0.010061],
                        "num_object" : 1945892,
                        "total" : 196.792845
                },
                "8,4" : {
                        "steps" : [0.030802, 1.838614, 37.037136, 121.009499, 2.594584, 0.057389, 0.123219, 0.385529, 0.003256],
                        "num_object" : 2017152,
                        "total" : 163.091819
                },
                "4,8" : {
                        "steps" : [0.029672, 1.806681, 36.927594, 101.351042, 2.235235, 0.040444, 0.119853, 0.389695, 0.003140],
                        "num_object" : 1984160,
                        "total" : 142.914259
                },
                "2,16" : {
                        "steps" : [0.029323, 3.413511, 38.970573, 100.161044, 2.461249, 0.048079, 0.102899, 0.185639, 0.003115],
                        "num_object" : 1892560,
                        "total" : 145.386222
                },
                "1,32" : {
                        "steps" : [0.028700, 3.167172, 36.813438, 117.528619, 2.353066, 0.033658, 0.088887, 0.570843, 0.003086],
                        "num_object" : 1940288,
                        "total" : 160.597887
                },
                "16,1" : {
                        "steps" : [0.071447, 10.242863, 100.510926, 271.812224, 6.356270, 0.266058, 0.451345, 0.000027, 0.006752],
                        "num_object" : 2591499,
                        "total" : 389.740966
                },
                "8,2" : {
                        "steps" : [0.064962, 2.935958, 75.178204, 230.890807, 4.357127, 0.100464, 0.242057, 0.793556, 0.005389],
                        "num_object" : 1932854,
                        "total" : 314.588642
                },
                "4,4" : {
                        "steps" : [0.060795, 2.739670, 73.324634, 156.386120, 4.136004, 0.091934, 0.213781, 0.667269, 0.005133],
                        "num_object" : 2024548,
                        "total" : 237.648839
                },
                "2,8" : {
                        "steps" : [0.058758, 4.107621, 78.536594, 154.970346, 4.833480, 0.097178, 0.182999, 0.333187, 0.005308],
                        "num_object" : 1946608,
                        "total" : 243.145476
                },
                "1,16" : {
                        "steps" : [0.058921, 4.562915, 79.645142, 179.604387, 3.840697, 0.088047, 0.233905, 0.669503, 0.005053],
                        "num_object" : 1944000,
                        "total" : 268.727080
                },
                "8,1" : {
                        "steps" : [0.137562, 13.491691, 200.983519, 412.072165, 9.645673, 0.380174, 0.628883, 0.000031, 0.015415],
                        "num_object" : 2590700,
                        "total" : 637.394497
                },
                "4,2" : {
                        "steps" : [0.119476, 4.697973, 151.004694, 290.980862, 8.058607, 0.175843, 0.384318, 0.674810, 0.009709],
                        "num_object" : 1943728,
                        "total" : 456.146177
                },
                "2,4" : {
                        "steps" : [0.117523, 4.231967, 139.007065, 306.801974, 8.648888, 0.149645, 0.323473, 1.215010, 0.009966],
                        "num_object" : 1924672,
                        "total" : 460.543267
                },
                "1,8" : {
                        "steps" : [0.117180, 6.310426, 152.275435, 349.129147, 5.913393, 0.166232, 0.341768, 1.306550, 0.009905],
                        "num_object" : 1958936,
                        "total" : 515.602987
                },
                "4,1" : {
                        "steps" : [0.269268, 15.516136, 400.013080, 514.222842, 17.557646, 0.565237, 0.976656, 0.000048, 0.015930],
                        "num_object" : 2590318,
                        "total" : 949.191854
                },
                "2,2" : {
                        "steps" : [0.235588, 4.946346, 294.467578, 524.189472, 15.239341, 0.270372, 0.587489, 1.504762, 0.013941],
                        "num_object" : 1924362,
                        "total" : 841.505227
                },
                "1,4" : {
                        "steps" : [0.236786, 4.644576, 273.071349, 632.174305, 9.361907, 0.258407, 0.580721, 2.322332, 0.016287],
                        "num_object" : 2090396,
                        "total" : 922.719246
                },
                "2,1" : {
                        "steps" : [0.522126, 17.837560, 798.203594, 674.406485, 27.060864, 0.965825, 1.635954, 0.000025, 0.022560],
                        "num_object" : 2590289,
                        "total" : 1520.758620
                },
                "1,2" : {
                        "steps" : [0.481629, 5.607042, 575.738880, 1069.929645, 15.726503, 0.525412, 1.115753, 6.088659, 0.025751],
                        "num_object" : 2137596,
                        "total" : 1675.448397
                },
                "1,1" : {
                        "steps" : [0.972256, 23.578117, 1538.808557, 2023.168875, 37.702502, 1.460752, 2.530517, 0.000033, 0.041014],
                        "num_object" : 2339663,
                        "total" : 3628.443671
                }
        }
}