{
        "command" : "./scaling_test.out 8,seed=0|11|step;erase_create,theta=0.25",
        "results" : {
                "64" : {
                        "steps" : [0.004148, 0.301583, 0.802443, 5.722602, 0.006678, 0.063327, 0.020660, 0.002221],
                        "total" : 6.926032
                },
                "32" : {
                        "steps" : [0.005759, 0.365226, 1.478223, 3.558443, 0.006164, 0.044207, 0.020660, 0.001364],
                        "total" : 5.482656
                },
                "16" : {
                        "steps" : [0.009867, 0.492161, 2.829856, 4.530470, 0.006111, 0.062691, 0.030280, 0.001466],
                        "total" : 7.967264
                },
                "8" : {
                        "steps" : [0.019489, 0.818696, 5.671167, 6.781091, 0.006297, 0.102123, 0.053193, 0.002499],
                        "total" : 13.463268
                },
                "4" : {
                        "steps" : [0.038266, 0.869626, 11.204307, 9.318149, 0.006333, 0.176681, 0.092978, 0.002962],
                        "total" : 21.720306
                },
                "2" : {
                        "steps" : [0.075839, 0.979292, 22.358511, 11.204300, 0.006306, 0.304583, 0.177214, 0.005001],
                        "total" : 35.132872
                },
                "1" : {
                        "steps" : [0.137234, 1.464110, 44.340967, 6.810838, 0.006388, 0.545768, 0.299715, 0.009619],
                        "total" : 53.653554
                }
        }
}