{
        "command" : "./scaling_test.out 8,seed=0|12|step;erase_create,theta=0.25",
        "results" : {
                "64" : {
                        "steps" : [0.004606, 0.735351, 1.376515, 2.428768, 0.009410, 0.106667, 0.026342, 0.001796],
                        "total" : 4.691766
                },
                "32" : {
                        "steps" : [0.006446, 1.175778, 2.241813, 2.944915, 0.007788, 0.105825, 0.051523, 0.002059],
                        "total" : 6.540565
                },
                "16" : {
                        "steps" : [0.012776, 1.996717, 4.335498, 4.504675, 0.006030, 0.110497, 0.054279, 0.003176],
                        "total" : 11.034198
                },
                "8" : {
                        "steps" : [0.028094, 2.066047, 8.526398, 7.542068, 0.005912, 0.170268, 0.063082, 0.003349],
                        "total" : 18.420155
                },
                "4" : {
                        "steps" : [0.054588, 2.115228, 16.944121, 11.540274, 0.005574, 0.298247, 0.081192, 0.003693],
                        "total" : 31.066344
                },
                "2" : {
                        "steps" : [0.104802, 2.287657, 33.761192, 19.253030, 0.005742, 0.580797, 0.155118, 0.005118],
                        "total" : 56.196583
                },
                "1" : {
                        "steps" : [0.212828, 3.054588, 67.250972, 29.964997, 0.006451, 1.110371, 0.275910, 0.008952],
                        "total" : 101.972156
                }
        }
}
