{
        "command" : "./scaling_test.out 6,seed=0|13|erase_create;step",
        "results" : {
                "16" : {
                        "steps" : [0.024551, 5.136951, 13.151085, 13.671674, 0.171426, 0.169330, 0.225442, 0.004702],
                        "total" : 32.594863
                },
                "8" : {
                        "steps" : [0.031685, 3.408212, 16.063350, 15.880041, 0.177853, 0.141726, 0.375788, 0.004675],
                        "total" : 36.126466
                },
                "4" : {
                        "steps" : [0.049966, 3.693522, 29.959528, 25.383269, 0.295636, 0.228347, 0.683637, 0.006088],
                        "total" : 60.353353
                },
                "2" : {
                        "steps" : [0.117108, 5.054293, 57.813761, 41.978148, 0.509180, 0.410717, 1.302287, 0.009147],
                        "total" : 107.283866
                },
                "1" : {
                        "steps" : [0.148944, 8.241454, 104.576364, 70.754549, 0.795697, 0.701789, 1.290042, 0.013948],
                        "total" : 186.635015
                }
        }
}