{
        "command" : "./scaling_test.out 11,seed=0|11|split_merge;step",
        "results" : {
                "16" : {
                        "steps" : [0.459739, 1.674426, 9.821609, 3.038543, 1.646495, 3.981493, 2.840050, 0.061807],
                        "total" : 24.000537
                },
                "8" : {
                        "steps" : [0.626328, 1.185064, 11.633822, 3.367077, 1.923280, 3.619160, 3.249936, 0.066538],
                        "total" : 26.195617
                },
                "4" : {
                        "steps" : [1.057031, 1.250138, 20.993219, 4.146755, 2.910487, 5.981628, 5.314413, 0.067491],
                        "total" : 42.436213
                },
                "2" : {
                        "steps" : [1.885347, 1.577330, 41.221639, 6.011612, 5.108726, 8.297269, 9.764509, 0.089314],
                        "total" : 75.113539
                },
                "1" : {
                        "steps" : [3.437354, 2.554237, 74.442448, 8.814494, 8.634975, 19.395047, 13.402822, 0.160939],
                        "total" : 132.866405
                }
        }
}