{
        "command" : "./scaling_test.out 8,seed=0|10|step;split_merge,theta=0.25",
        "results" : {
                "64" : {
                        "steps" : [0.061995, 0.280060, 1.358032, 1.025882, 1.226720, 1.512258, 0.805315, 0.023134],
                        "total" : 6.332720
                },
                "32" : {
                        "steps" : [0.121032, 0.343043, 2.577798, 0.597226, 1.919326, 2.802724, 1.514745, 0.043602],
                        "total" : 9.992286
                },
                "16" : {
                        "steps" : [0.236130, 0.467603, 5.068537, 0.674663, 3.312343, 5.356693, 2.534996, 0.067465],
                        "total" : 17.850717
                },
                "8" : {
                        "steps" : [0.465971, 0.824648, 10.121373, 1.043671, 5.248972, 10.544721, 4.838732, 0.129908],
                        "total" : 33.472998
                },
                "4" : {
                        "steps" : [0.915929, 0.916906, 20.001071, 1.268747, 8.425985, 20.421420, 8.578533, 0.133277],
                        "total" : 61.160355
                },
                "2" : {
                        "steps" : [1.757498, 1.035421, 39.935070, 1.822210, 16.558837, 40.399151, 16.587623, 0.201103],
                        "total" : 119.240963
                },
                "1" : {
                        "steps" : [3.468662, 1.673445, 79.598455, 1.961712, 31.382826, 78.152810, 32.546433, 0.396206],
                        "total" : 231.006036
                }
        }
}