{
        "command" : "./scaling_test.out 8,seed=0|10|step;split_merge,theta=0.25",
        "results" : {
                "64" : {
                        "steps" : [0.052162, 0.331404, 1.229277, 3.426518, 0.016750, 2.037140, 2.470934, 0.073281],
                        "total" : 9.676002
                },
                "32" : {
                        "steps" : [0.098006, 0.490983, 1.957738, 3.021176, 0.010558, 3.739535, 4.873172, 0.145535],
                        "total" : 14.408224
                },
                "16" : {
                        "steps" : [0.193221, 0.894198, 3.765861, 3.153386, 0.010549, 7.348034, 9.941836, 0.289617],
                        "total" : 25.736828
                },
                "8" : {
                        "steps" : [0.368855, 0.937585, 7.321378, 3.640612, 0.010702, 13.741067, 11.390624, 0.306580],
                        "total" : 37.936911
                },
                "4" : {
                        "steps" : [0.760569, 0.968624, 14.509054, 4.637607, 0.011204, 26.431573, 16.803440, 0.296798],
                        "total" : 64.799083
                },
                "2" : {
                        "steps" : [1.453819, 1.010240, 28.926425, 7.053657, 0.011881, 51.763003, 31.816019, 0.345167],
                        "total" : 123.136545
                },
                "1" : {
                        "steps" : [2.852150, 1.360949, 57.513300, 10.976915, 0.017354, 103.064196, 60.646920, 0.609365],
                        "total" : 238.518641
                }
        }
}