{
        "command" : "./scaling_test.out 8,seed=0|10|step;split_merge,theta=0.25",
        "results" : {
                "64" : {
                        "steps" : [0.053183, 0.332282, 1.280429, 2.847491, 0.011798, 4.665679, 2.609255, 0.073040],
                        "total" : 11.915778
                },
                "32" : {
                        "steps" : [0.099345, 0.521857, 2.040074, 2.694834, 0.010569, 8.256170, 5.131817, 0.146284],
                        "total" : 18.973076
                },
                "16" : {
                        "steps" : [0.194826, 0.906187, 3.876927, 2.845196, 0.010525, 16.096796, 10.497955, 0.290050],
                        "total" : 34.860324
                },
                "8" : {
                        "steps" : [0.372043, 0.964869, 7.526966, 3.278982, 0.010723, 30.157059, 12.039282, 0.306729],
                        "total" : 54.875977
                },
                "4" : {
                        "steps" : [0.765197, 1.028424, 14.945250, 4.326728, 0.011760, 58.346728, 17.562382, 0.296471],
                        "total" : 97.664269
                },
                "2" : {
                        "steps" : [1.469034, 1.124160, 29.772003, 6.704659, 0.011451, 116.494579, 33.143760, 0.345528],
                        "total" : 189.821088
                },
                "1" : {
                        "steps" : [2.905724, 1.615786, 59.269023, 10.863329, 0.017448, 235.439958, 63.192195, 0.610368],
                        "total" : 375.396250
                }
        }
}