{
        "command" : "./scaling_test.out 8,seed=1|10|split_merge;step",
        "results" : {
                "20" : {
                        "steps" : [0.127072, 0.614074, 1.703396, 0.659197, 0.320580, 1.427453, 0.780826, 0.089092],
                        "total" : 6.019070
                },
                "10" : {
                        "steps" : [0.105883, 0.325766, 2.255088, 0.665187, 0.347080, 1.241270, 0.887050, 0.019677],
                        "total" : 6.118437
                },
                "5" : {
                        "steps" : [0.160517, 0.281543, 3.009624, 0.738875, 0.497758, 1.377746, 1.230897, 0.019631],
                        "total" : 7.648997
                },
                "2" : {
                        "steps" : [0.344139, 0.440279, 7.954015, 1.223777, 0.985019, 3.316292, 3.087961, 0.046397],
                        "total" : 17.978492
                },
                "1" : {
                        "steps" : [0.585614, 0.672061, 13.165331, 1.720234, 1.502845, 5.561897, 5.151044, 0.050192],
                        "total" : 29.357278
                }
        }
}