{
        "command" : "./scaling_test.out 8,seed=0|11|step;split_merge,theta=0.25",
        "results" : {
                "128" : {
                        "steps" : [0.090461, 0.574606, 2.328385, 5.388300, 1.204748, 7.325411, 4.297342, 0.111065],
                        "total" : 21.386890
                },
                "64" : {
                        "steps" : [0.086104, 0.510793, 2.322966, 5.164990, 1.273650, 7.344187, 4.102068, 0.108912],
                        "total" : 20.976492
                },
                "32" : {
                        "steps" : [0.163949, 0.861632, 3.750583, 4.852307, 1.850782, 12.899067, 8.735390, 0.213953],
                        "total" : 33.447166
                },
                "16" : {
                        "steps" : [0.323626, 1.583707, 7.151752, 5.139489, 3.151981, 25.223642, 17.109321, 0.424185],
                        "total" : 60.344324
                },
                "8" : {
                        "steps" : [0.620495, 1.692032, 13.865949, 6.066847, 5.471880, 48.354951, 20.741160, 0.447079],
                        "total" : 97.622414
                },
                "4" : {
                        "steps" : [1.270238, 1.787614, 27.390115, 8.033777, 9.964416, 94.051316, 31.328133, 0.432079],
                        "total" : 174.888587
                },
                "2" : {
                        "steps" : [2.440251, 1.936531, 54.623482, 12.382850, 20.289682, 184.862867, 59.584955, 0.503276],
                        "total" : 337.880647
                },
                "1" : {
                        "steps" : [4.846006, 2.697214, 109.038392, 20.020689, 40.187493, 367.415752, 113.705671, 0.890702],
                        "total" : 661.267303
                }
        }
}