{
        "command" : "./scaling_test.out 8,seed=0|11|step;erase_create,theta=0.25",
        "results" : {
                "64" : {
                        "steps" : [0.004736, 0.390481, 0.688750, 10.060060, 0.014256, 0.082443, 0.029617, 0.002330],
                        "total" : 11.275222
                },
                "32" : {
                        "steps" : [0.006425, 0.560595, 1.020310, 9.955875, 0.009277, 0.073590, 0.022568, 0.001927],
                        "total" : 11.653359
                },
                "16" : {
                        "steps" : [0.006987, 0.933850, 1.974451, 10.443810, 0.007362, 0.043539, 0.040391, 0.002633],
                        "total" : 13.461283
                },
                "8" : {
                        "steps" : [0.013706, 0.952737, 3.850118, 11.557691, 0.006458, 0.056767, 0.046394, 0.002989],
                        "total" : 16.497878
                },
                "4" : {
                        "steps" : [0.025455, 0.952530, 7.595354, 12.697163, 0.005606, 0.117494, 0.061725, 0.002999],
                        "total" : 21.469879
                },
                "2" : {
                        "steps" : [0.050463, 0.985491, 15.087615, 15.403743, 0.005707, 0.167240, 0.113453, 0.004349],
                        "total" : 31.832727
                },
                "1" : {
                        "steps" : [0.097404, 1.265436, 30.051809, 19.824617, 0.005526, 0.312767, 0.210051, 0.007419],
                        "total" : 51.801576
                }
        }
}
