{
	"rule" : "erase_create",
	"command" : "./scaling_test.out -r erase_create -n 10 -s 12 --safety-margin .1 --seed 0 ",
	"results" : {
		"16" : {
			"steps" : [0.066928, 9.297053, 21.887780, 14.421586, 0.000037, 0.361036, 0.121701, 0.017120],
			"total" : 46.188242
		},
		"8" : {
			"steps" : [0.120297, 7.665632, 26.839669, 19.194221, 0.000041, 0.246044, 0.162781, 0.020832],
			"total" : 54.267762
		},
		"4" : {
			"steps" : [0.177040, 7.985054, 50.634188, 30.789258, 0.000038, 0.274111, 0.218369, 0.023191],
			"total" : 90.122682
		},
		"2" : {
			"steps" : [0.327723, 10.090602, 94.153473, 54.461969, 0.000048, 0.421783, 0.405549, 0.034749],
			"total" : 159.931892
		},
		"1" : {
			"steps" : [0.605542, 15.770089, 178.546169, 89.607928, 0.000045, 0.614236, 0.697395, 0.053030],
			"total" : 285.959785
		}
	}
}