{
	"rule" : "split_merge",
	"command" : "./scaling_test.out -r split_merge -n 10 -s 12 --safety-margin .1 --seed 0 ",
	"results" : {
		"16" : {
			"steps" : [0.640431, 4.733261, 15.535711, 6.357710, 4.157303, 4.642339, 2.472519, 0.144278],
			"total" : 38.825757
		},
		"8" : {
			"steps" : [0.772607, 4.149469, 18.170546, 7.418226, 5.308212, 3.622545, 2.480753, 0.143231],
			"total" : 42.209546
		},
		"4" : {
			"steps" : [1.430165, 4.264942, 33.957461, 8.867996, 9.416966, 4.754312, 3.510994, 0.156500],
			"total" : 66.528633
		},
		"2" : {
			"steps" : [2.606937, 5.379855, 62.393506, 12.567664, 17.459494, 7.482687, 5.865003, 0.201056],
			"total" : 114.209930
		},
		"1" : {
			"steps" : [5.023611, 8.124541, 120.045186, 20.363920, 30.398494, 12.145873, 11.089593, 0.346579],
			"total" : 208.038020
		}
	}
}