{
	"rule" : "erase_create",
	"command" : "./scaling_test.out -r erase_create -n 10 -s 12 --safety-margin .1 --seed 0 ",
	"memory_bandwidth" : 	{
		"memcpy" : 11.858232,
		"multithreaded" : 9.188982,
		"singlethreaded" : 5.847941
	},
	"results" : {
		"16" : {
			"wall" : {
				"steps" : [0.066470, 9.247506, 21.955345, 15.002151, 0.000056, 0.378528, 0.121821, 0.016267],
				"total" : 46.804227
			},
			"cpu" : {
				"steps" : [1.141310, 136.364179, 312.712024, 214.814229, 0.000227, 4.203425, 1.688817, 0.137299],
				"total" : 671.218934
			},
			"read_bandwidth" : [2.637007, 0.007582, 3.058050, 17.977810, 4418.684935, 3.167641, 0.209892, 10.060080],
			"write_bandwidth" : [1.318504, 0.891377, 2.084607, 9.206818, 2025.742552, 0.057883, 0.167914, 0.000000]
		},
		"8" : {
			"wall" : {
				"steps" : [0.108550, 7.505784, 26.676991, 18.616235, 0.000052, 0.249939, 0.159955, 0.020005],
				"total" : 53.355008
			},
			"cpu" : {
				"steps" : [0.811893, 58.889457, 210.555173, 138.871999, 0.000417, 1.941902, 1.067012, 0.091525],
				"total" : 412.351944
			},
			"read_bandwidth" : [1.614754, 0.009341, 2.516796, 14.487667, 4722.722889, 4.797335, 0.159853, 8.180312],
			"write_bandwidth" : [0.807377, 1.098222, 1.715646, 7.419442, 2195.624407, 0.087662, 0.127882, 0.000000]
		},
		"4" : {
			"wall" : {
				"steps" : [0.179983, 7.943848, 49.436476, 32.303825, 0.000051, 0.278627, 0.236167, 0.025096],
				"total" : 90.426857
			},
			"cpu" : {
				"steps" : [0.746368, 31.261805, 196.078251, 120.093202, 0.020299, 1.106421, 0.879588, 0.069674],
				"total" : 350.337035
			},
			"read_bandwidth" : [0.973881, 0.008826, 1.358117, 8.349037, 4833.584929, 4.303397, 0.108267, 6.520764],
			"write_bandwidth" : [0.486940, 1.037660, 0.925799, 4.275719, 2239.252657, 0.078636, 0.086614, 0.000000]
		},
		"2" : {
			"wall" : {
				"steps" : [0.307652, 10.062951, 91.682718, 54.365705, 0.000051, 0.443327, 0.395233, 0.036248],
				"total" : 157.330159
			},
			"cpu" : {
				"steps" : [0.619784, 19.789400, 182.496653, 102.477695, 0.001403, 0.871946, 0.779228, 0.060373],
				"total" : 307.166438
			},
			"read_bandwidth" : [0.569740, 0.006967, 0.732314, 4.960955, 4833.584929, 2.704647, 0.064694, 4.514517],
			"write_bandwidth" : [0.284870, 0.819145, 0.499203, 2.540610, 2223.442375, 0.049422, 0.051755, 0.000000]
		},
		"1" : {
			"wall" : {
				"steps" : [0.594396, 15.644994, 178.667116, 93.344895, 0.000043, 0.616816, 0.698678, 0.055494],
				"total" : 289.687722
			},
			"cpu" : {
				"steps" : [0.594380, 15.643228, 178.659478, 93.339461, 0.000043, 0.616794, 0.698613, 0.055479],
				"total" : 289.672687
			},
			"read_bandwidth" : [0.294890, 0.004481, 0.375786, 2.889347, 5719.742166, 1.943922, 0.036597, 2.948853],
			"write_bandwidth" : [0.147445, 0.526879, 0.256165, 1.479696, 2636.867396, 0.035521, 0.029277, 0.000000]
		}
	}
}
