{
	"rule" : "split_merge",
	"command" : "./scaling_test.out -r split_merge -n 100 -s 14 --safety-margin .1 --seed 0 ",
	"memory_bandwidth" : 	{
		"memcpy" : 12.409564,
		"multithreaded" : 9.640308,
		"singlethreaded" : 6.324736
	},
	"results" : {
		"16" : {
			"wall" : {
				"steps" : [0.430074, 0.068473, 1.674706, 3.947004, 7.393219, 1.179485, 1.473362, 1.676993, 0.033503],
				"total" : 17.939830
			},
			"cpu" : {
				"steps" : [6.141585, 1.062294, 16.234447, 56.446706, 67.063465, 8.283173, 16.101851, 23.306812, 0.643458],
				"total" : 195.867258
			},
			"read_bandwidth" : [3.428581, 8.674955, 0.091794, 1.491805, 2.718743, 2.478730, 1.402475, 0.034733, 9.272488],
			"write_bandwidth" : [1.023712, 1.122541, 0.455499, 0.864188, 1.392326, 0.274387, 1.402475, 0.023156, 9.272488]
		},
		"8" : {
			"wall" : {
				"steps" : [0.770433, 0.128047, 0.995754, 6.798306, 8.238478, 1.176716, 0.930698, 1.960859, 0.041883],
				"total" : 21.107101
			},
			"cpu" : {
				"steps" : [5.716399, 0.637429, 8.322608, 43.991148, 41.288055, 8.374871, 7.102838, 14.108398, 0.210669],
				"total" : 129.943311
			},
			"read_bandwidth" : [1.913914, 4.638923, 0.154383, 0.866122, 2.439803, 2.484562, 2.220219, 0.029705, 7.417199],
			"write_bandwidth" : [0.571460, 0.600278, 0.766079, 0.501736, 1.249475, 0.275033, 2.220219, 0.019803, 7.417199]
		},
		"4" : {
			"wall" : {
				"steps" : [0.858354, 0.133885, 0.719011, 8.103443, 8.402277, 1.721919, 0.911250, 2.048324, 0.041617],
				"total" : 23.010777
			},
			"cpu" : {
				"steps" : [3.281835, 0.607074, 3.544853, 31.875450, 23.584254, 6.692634, 3.484447, 8.173065, 0.174515],
				"total" : 81.629890
			},
			"read_bandwidth" : [1.717872, 4.436631, 0.213804, 0.726625, 2.392240, 1.697888, 2.267605, 0.028437, 7.464620],
			"write_bandwidth" : [0.512925, 0.574101, 1.060938, 0.420926, 1.225117, 0.187950, 2.267605, 0.018958, 7.464620]
		},
		"2" : {
			"wall" : {
				"steps" : [1.591717, 0.250338, 0.843693, 14.890121, 11.737833, 3.136688, 1.463459, 3.288757, 0.060935],
				"total" : 37.355347
			},
			"cpu" : {
				"steps" : [3.126100, 0.506212, 1.952896, 29.524263, 19.631519, 5.878632, 2.947507, 6.523203, 0.156435],
				"total" : 70.385394
			},
			"read_bandwidth" : [0.926385, 2.372790, 0.182208, 0.395441, 1.712434, 0.932074, 1.411966, 0.017711, 5.098127],
			"write_bandwidth" : [0.276602, 0.307040, 0.904152, 0.229075, 0.876974, 0.103177, 1.411966, 0.011807, 5.098127]
		},
		"1" : {
			"wall" : {
				"steps" : [2.997178, 0.474769, 0.999847, 27.892289, 16.252315, 4.370687, 1.989364, 5.945968, 0.099144],
				"total" : 61.168302
			},
			"cpu" : {
				"steps" : [2.996605, 0.474726, 0.999154, 27.884792, 16.246159, 4.369745, 1.988892, 5.944622, 0.099159],
				"total" : 61.149615
			},
			"read_bandwidth" : [0.491977, 1.251133, 0.153751, 0.211104, 1.236763, 0.668917, 1.038701, 0.009796, 3.133367],
			"write_bandwidth" : [0.146895, 0.161897, 0.762943, 0.122290, 0.633373, 0.074047, 1.038701, 0.006531, 3.133367]
		}
	}
}