{
	"rule" : "split_merge",
	"command" : "./scaling_test.out -v 1 -r split_merge -n 9 -s 13 --safety-margin 0.2 --seed 0 ",
	"memory_bandwidth" : 	{
		"memcpy" : 16.296502,
		"multithreaded" : 34.713911,
		"singlethreaded" : 15.410016
	},
	"results" : {
		"32" : {
			"wall" : {
				"steps" : [0.405024, 0.055312, 5.110399, 8.537717, 63.745991, 29.134437, 4.082734, 1.996552, 0.125185],
				"total" : 113.310990
			},
			"cpu" : {
				"steps" : [10.373757, 1.567530, 113.690800, 260.754610, 1895.156381, 858.822036, 101.842611, 53.509562, 3.719565],
				"total" : 3303.241695
			},
			"read_bandwidth" : [12.964524, 45.810414, 0.229993, 13.496616, 7.012913, 2.209465, 7.328916, 0.324364, 27.590443],
			"write_bandwidth" : [3.354194, 10.624700, 2.880827, 8.885536, 3.591461, 0.256000, 7.328916, 0.216243, 27.590443]
		},
		"16" : {
			"wall" : {
				"steps" : [0.636763, 0.080264, 6.328635, 16.437962, 88.449573, 54.557820, 5.423467, 2.200979, 0.118808],
				"total" : 174.347778
			},
			"cpu" : {
				"steps" : [9.893731, 1.109319, 77.040683, 254.000211, 1338.143001, 765.851961, 72.330330, 29.534156, 1.691649],
				"total" : 2551.356828
			},
			"read_bandwidth" : [8.247893, 31.575500, 0.185757, 7.011158, 5.055171, 1.180096, 5.515335, 0.294146, 29.062453],
			"write_bandwidth" : [2.133898, 7.323271, 2.326713, 4.615914, 2.588860, 0.136722, 5.515335, 0.196098, 29.062453]
		},
		"8" : {
			"wall" : {
				"steps" : [1.246099, 0.155217, 8.260376, 32.014019, 150.649573, 93.858272, 7.692608, 3.270022, 0.133090],
				"total" : 297.404833
			},
			"cpu" : {
				"steps" : [9.651943, 1.140970, 54.812290, 250.831067, 1166.094755, 673.046686, 53.565121, 23.981829, 0.957163],
				"total" : 2234.988262
			},
			"read_bandwidth" : [4.217465, 16.338422, 0.142405, 3.602366, 2.969901, 0.686408, 3.893695, 0.198239, 25.977193],
			"write_bandwidth" : [1.091153, 3.789274, 1.783736, 2.371613, 1.520949, 0.079523, 3.893695, 0.132159, 25.977193]
		},
		"4" : {
			"wall" : {
				"steps" : [2.402865, 0.306849, 10.819101, 62.058256, 268.045074, 146.461316, 11.391811, 6.135235, 0.244060],
				"total" : 508.101533
			},
			"cpu" : {
				"steps" : [9.255610, 1.192011, 38.358939, 245.218858, 1044.824814, 580.596945, 41.787342, 22.860144, 0.925680],
				"total" : 1985.978304
			},
			"read_bandwidth" : [2.188495, 8.269857, 0.108795, 1.859114, 1.669817, 0.440052, 2.632307, 0.105774, 14.181155],
			"write_bandwidth" : [0.566212, 1.917985, 1.362431, 1.223915, 0.855149, 0.050983, 2.632307, 0.070516, 14.181155]
		},
		"2" : {
			"wall" : {
				"steps" : [4.629897, 0.596712, 17.193538, 122.593993, 479.816129, 250.697495, 19.005140, 11.499628, 0.472361],
				"total" : 906.963866
			},
			"cpu" : {
				"steps" : [9.098049, 1.184343, 32.845119, 243.484538, 944.639368, 500.127936, 36.417726, 22.419006, 0.915981],
				"total" : 1792.072816
			},
			"read_bandwidth" : [1.135883, 4.252878, 0.068462, 0.941100, 0.932822, 0.257082, 1.577916, 0.056435, 7.327535],
			"write_bandwidth" : [0.293881, 0.986325, 0.857312, 0.619553, 0.477718, 0.029785, 1.577916, 0.037623, 7.327535]
		},
		"1" : {
			"wall" : {
				"steps" : [9.018014, 1.175807, 25.063708, 242.624949, 861.398269, 389.988609, 31.083899, 22.377298, 0.933982],
				"total" : 1584.555551
			},
			"cpu" : {
				"steps" : [9.015726, 1.174984, 25.043966, 242.555246, 860.697509, 389.665310, 31.062785, 22.357337, 0.933242],
				"total" : 1583.396267
			},
			"read_bandwidth" : [0.583130, 2.158177, 0.046963, 0.475530, 0.519614, 0.165267, 0.964708, 0.029000, 3.705711],
			"write_bandwidth" : [0.150869, 0.500533, 0.588122, 0.313057, 0.266105, 0.019147, 0.964708, 0.019334, 3.705711]
		}
	}
}