{
	"rule" : "erase_create",
	"command" : "./scaling_test.out -r erase_create -n 15 -s 14 --safety-margin .1 --seed 0 ",
	"memory_bandwidth" : 	{
		"memcpy" : 12.497852,
		"multithreaded" : 9.682687,
		"singlethreaded" : 6.643513
	},
	"results" : {
		"16" : {
			"wall" : {
				"steps" : [0.023961, 0.003050, 5.027722, 13.986242, 16.258254, 0.584069, 0.112127, 0.059423, 0.006343],
				"total" : 36.064786
			},
			"cpu" : {
				"steps" : [0.280692, 0.062273, 70.728183, 198.076165, 187.843245, 6.528479, 1.186422, 0.584426, 0.033819],
				"total" : 465.385614
			},
			"read_bandwidth" : [2.387678, 12.790040, 0.004138, 2.782653, 9.623843, 3.974062, 2.658277, 0.117822, 7.064586],
			"write_bandwidth" : [0.759716, 3.410677, 0.947193, 1.898434, 4.928574, 0.351717, 2.658277, 0.094257, 7.064586]
		},
		"8" : {
			"wall" : {
				"steps" : [0.039259, 0.005254, 4.451749, 17.287244, 20.074463, 0.743098, 0.078213, 0.067919, 0.005319],
				"total" : 42.757396
			},
			"cpu" : {
				"steps" : [0.282412, 0.029509, 33.790679, 135.113258, 129.058785, 5.427684, 0.517052, 0.586443, 0.018320],
				"total" : 304.871485
			},
			"read_bandwidth" : [1.457263, 7.424004, 0.004673, 2.251305, 7.794325, 3.123580, 3.810927, 0.103082, 8.423988],
			"write_bandwidth" : [0.463674, 1.979734, 1.069743, 1.535928, 3.991639, 0.276447, 3.810927, 0.082466, 8.423988]
		},
		"4" : {
			"wall" : {
				"steps" : [0.058451, 0.007591, 4.718734, 30.596808, 31.111086, 1.264740, 0.075499, 0.096565, 0.006450],
				"total" : 67.942199
			},
			"cpu" : {
				"steps" : [0.206539, 0.066464, 18.164862, 121.180212, 110.776379, 4.723986, 0.254630, 0.397369, 0.019574],
				"total" : 255.808476
			},
			"read_bandwidth" : [0.978784, 5.138511, 0.004409, 1.271991, 5.029297, 1.835261, 3.947940, 0.072504, 6.947073],
			"write_bandwidth" : [0.311431, 1.370270, 1.009217, 0.867802, 2.575610, 0.162427, 3.947940, 0.058003, 6.947073]
		},
		"2" : {
			"wall" : {
				"steps" : [0.109201, 0.014274, 6.233815, 57.628759, 47.954163, 2.177202, 0.119941, 0.166313, 0.009680],
				"total" : 114.423707
			},
			"cpu" : {
				"steps" : [0.208603, 0.040836, 11.964496, 114.052159, 90.791654, 4.138615, 0.230409, 0.336696, 0.010483],
				"total" : 221.786047
			},
			"read_bandwidth" : [0.523910, 2.732803, 0.003337, 0.675337, 3.262843, 1.066106, 2.485086, 0.042097, 4.628816],
			"write_bandwidth" : [0.166699, 0.728748, 0.763934, 0.460741, 1.670971, 0.094354, 2.485086, 0.033678, 4.628816]
		},
		"1" : {
			"wall" : {
				"steps" : [0.191002, 0.024450, 9.371878, 108.148869, 82.277255, 3.499276, 0.163578, 0.270483, 0.013886],
				"total" : 203.977553
			},
			"cpu" : {
				"steps" : [0.190973, 0.024458, 9.368346, 108.137554, 82.267180, 3.498942, 0.163589, 0.270474, 0.013888],
				"total" : 203.952142
			},
			"read_bandwidth" : [0.299532, 1.595434, 0.002220, 0.359864, 1.901703, 0.663317, 1.822154, 0.025884, 3.226756],
			"write_bandwidth" : [0.095306, 0.425449, 0.508140, 0.245513, 0.973902, 0.058706, 1.822154, 0.020708, 3.226756]
		}
	}
}