{
	"rule" : "split_merge",
	"command" : "./scaling_test.out -r split_merge -n 10 -s 16 --safety-margin .1 --seed 0 ",
	"memory_bandwidth" : 	{
		"memcpy" : 11.449688,
		"multithreaded" : 9.352000,
		"singlethreaded" : 5.750923
	},
	"results" : {
		"16" : {
			"wall" : {
				"steps" : [0.163175, 0.022173, 2.716599, 9.066288, 29.375072, 1.821622, 1.005279, 0.556109, 0.019707],
				"total" : 44.778882
			},
			"cpu" : {
				"steps" : [2.450950, 0.325160, 38.239610, 127.913954, 175.500819, 26.195840, 13.037593, 7.433538, 0.122276],
				"total" : 391.739172
			},
			"read_bandwidth" : [2.850194, 9.475515, 0.030408, 1.732299, 2.109953, 4.946540, 1.417688, 0.064785, 9.750069],
			"write_bandwidth" : [0.781317, 1.862790, 0.721781, 1.160102, 1.080552, 0.448844, 1.417688, 0.043190, 9.750069]
		},
		"8" : {
			"wall" : {
				"steps" : [0.266013, 0.036399, 1.843976, 11.563932, 37.286201, 2.876827, 0.806264, 0.759395, 0.027348],
				"total" : 55.505230
			},
			"cpu" : {
				"steps" : [1.890921, 0.196609, 14.170709, 89.465569, 143.638620, 22.135899, 6.053686, 4.781887, 0.141116],
				"total" : 282.766268
			},
			"read_bandwidth" : [1.957216, 6.461943, 0.050157, 1.518337, 1.858389, 3.501564, 1.985834, 0.053007, 7.850098],
			"write_bandwidth" : [0.536510, 1.270495, 1.188873, 1.016841, 0.951720, 0.317896, 1.985834, 0.035338, 7.850098]
		},
		"4" : {
			"wall" : {
				"steps" : [0.416106, 0.054627, 2.133412, 22.312998, 52.033833, 4.866146, 0.977834, 0.966473, 0.033681],
				"total" : 83.836328
			},
			"cpu" : {
				"steps" : [1.632052, 0.207246, 8.240947, 87.657094, 133.496568, 19.239549, 3.770719, 3.644226, 0.113438],
				"total" : 258.150853
			},
			"read_bandwidth" : [1.317015, 4.539457, 0.045916, 0.833072, 1.410095, 2.191564, 1.733221, 0.043980, 6.730630],
			"write_bandwidth" : [0.360533, 0.896601, 1.088103, 0.558021, 0.722140, 0.199590, 1.733221, 0.029320, 6.730630]
		},
		"2" : {
			"wall" : {
				"steps" : [0.792996, 0.103081, 2.815489, 42.508887, 77.145871, 9.550845, 1.680941, 1.696881, 0.053314],
				"total" : 136.406479
			},
			"cpu" : {
				"steps" : [1.564391, 0.194207, 5.530173, 83.963547, 125.267276, 18.963217, 3.270826, 3.289302, 0.093952],
				"total" : 242.257113
			},
			"read_bandwidth" : [0.702662, 2.443161, 0.035220, 0.441595, 0.960203, 1.127469, 1.028154, 0.025514, 4.330940],
			"write_bandwidth" : [0.192538, 0.480989, 0.832494, 0.295713, 0.491740, 0.102391, 1.028154, 0.017009, 4.330940]
		},
		"1" : {
			"wall" : {
				"steps" : [1.784365, 0.226217, 5.904561, 95.004949, 160.225882, 20.266756, 3.568008, 3.681352, 0.098216],
				"total" : 290.888789
			},
			"cpu" : {
				"steps" : [1.783922, 0.226225, 5.903096, 94.980127, 160.183466, 20.262115, 3.567511, 3.680978, 0.098228],
				"total" : 290.814032
			},
			"read_bandwidth" : [0.363427, 1.295530, 0.019538, 0.230443, 0.538936, 0.619344, 0.581662, 0.014001, 2.798942],
			"write_bandwidth" : [0.099592, 0.254981, 0.462706, 0.154240, 0.276001, 0.056149, 0.581662, 0.009334, 2.798942]
		}
	}
}