{
	"rule" : "split_merge",
	"command" : "./scaling_test.out -r split_merge -n 10 -s 12 --safety-margin .1 --seed 0 ",
	"memory_bandwidth" : 	{
		"memcpy" : 11.511487,
		"multithreaded" : 9.249891,
		"singlethreaded" : 5.923829
	},
	"results" : {
		"16" : {
			"wall" : {
				"steps" : [0.816965, 5.157132, 17.491982, 7.290356, 4.332199, 4.984167, 3.063980, 0.164171],
				"total" : 43.469035
			},
			"cpu" : {
				"steps" : [11.831737, 75.822341, 243.778524, 42.766606, 61.806283, 65.607830, 41.012699, 2.451490],
				"total" : 547.697499
			},
			"read_bandwidth" : [2.547586, 0.087708, 2.174100, 20.174600, 4.937417, 1.974088, 0.073574, 7.323359],
			"write_bandwidth" : [0.941473, 0.951943, 1.426884, 10.331840, 0.548081, 0.034032, 0.049049, 0.000000]
		},
		"8" : {
			"wall" : {
				"steps" : [1.000099, 4.563223, 20.719886, 8.274323, 6.138489, 4.492001, 3.015950, 0.167458],
				"total" : 48.539228
			},
			"cpu" : {
				"steps" : [6.854418, 36.038993, 158.868696, 30.760995, 48.524510, 30.923052, 21.036477, 1.271888],
				"total" : 335.589412
			},
			"read_bandwidth" : [2.104216, 0.100234, 1.856156, 17.979068, 3.524447, 2.208719, 0.075346, 7.237281],
			"write_bandwidth" : [0.777629, 1.088136, 1.218390, 9.207462, 0.388914, 0.038184, 0.050230, 0.000000]
		},
		"4" : {
			"wall" : {
				"steps" : [1.552588, 4.701889, 37.931307, 10.030060, 10.888889, 5.482838, 3.826718, 0.177740],
				"total" : 74.775721
			},
			"cpu" : {
				"steps" : [6.006563, 18.604889, 147.759326, 25.394219, 43.267237, 19.974805, 14.446611, 0.679026],
				"total" : 276.855202
			},
			"read_bandwidth" : [1.341386, 0.096258, 1.003253, 14.669597, 1.965137, 1.807929, 0.059325, 6.812001],
			"write_bandwidth" : [0.495714, 1.044536, 0.658261, 7.512612, 0.217380, 0.030955, 0.039550, 0.000000]
		},
		"2" : {
			"wall" : {
				"steps" : [2.865599, 5.830735, 70.216710, 14.313117, 18.487861, 8.686089, 6.538725, 0.237662],
				"total" : 127.478724
			},
			"cpu" : {
				"steps" : [5.613147, 11.538734, 138.791567, 23.177839, 36.837342, 16.362486, 12.717190, 0.466386],
				"total" : 246.096690
			},
			"read_bandwidth" : [0.728862, 0.077835, 0.542927, 10.300174, 1.159703, 1.137987, 0.034627, 5.080942],
			"write_bandwidth" : [0.269349, 0.844033, 0.356297, 5.274938, 0.128173, 0.019593, 0.023085, 0.000000]
		},
		"1" : {
			"wall" : {
				"steps" : [5.523532, 9.113105, 135.204599, 22.709155, 33.397300, 14.815121, 12.509399, 0.405326],
				"total" : 234.256146
			},
			"cpu" : {
				"steps" : [5.522987, 9.111657, 135.188620, 22.705412, 33.392641, 14.813247, 12.508222, 0.405334],
				"total" : 234.226537
			},
			"read_bandwidth" : [0.381705, 0.050259, 0.284206, 6.542768, 0.647003, 0.674894, 0.018298, 3.011868],
			"write_bandwidth" : [0.141055, 0.544322, 0.186486, 3.350690, 0.071768, 0.011593, 0.012199, 0.000000]
		}
	}
}