{
	"rule" : "erase_create",
	"command" : "./scaling_test.out -r erase_create -n 10 -s 14 --safety-margin .1 --seed 0 ",
	"memory_bandwidth" : 	{
		"memcpy" : 11.651362,
		"multithreaded" : 9.108733,
		"singlethreaded" : 5.978153
	},
	"results" : {
		"16" : {
			"wall" : {
				"steps" : [0.029846, 0.003754, 7.420850, 16.744620, 18.430858, 0.422674, 0.237274, 0.066301, 0.006019],
				"total" : 43.367490
			},
			"cpu" : {
				"steps" : [0.427149, 0.076431, 105.145430, 243.361397, 237.507385, 5.031600, 2.269048, 0.844484, 0.025878],
				"total" : 594.694127
			},
			"read_bandwidth" : [2.438337, 13.218083, 0.003566, 2.794571, 10.206130, 4.099370, 1.737765, 0.140347, 9.894708],
			"write_bandwidth" : [0.775835, 3.524822, 0.771704, 1.906362, 5.226776, 0.382104, 1.737765, 0.112277, 9.894708]
		},
		"8" : {
			"wall" : {
				"steps" : [0.045094, 0.005252, 5.310053, 19.829200, 22.660436, 0.537650, 0.130906, 0.080611, 0.006932],
				"total" : 48.612509
			},
			"cpu" : {
				"steps" : [0.330181, 0.015467, 41.356611, 155.840702, 156.628964, 3.974266, 0.968164, 0.596067, 0.041706],
				"total" : 359.813962
			},
			"read_bandwidth" : [1.576746, 9.231106, 0.004869, 2.292557, 8.064318, 3.205349, 3.092049, 0.113453, 8.443622],
			"write_bandwidth" : [0.501692, 2.461628, 1.047722, 1.563885, 4.129908, 0.298141, 3.092049, 0.090763, 8.443622]
		},
		"4" : {
			"wall" : {
				"steps" : [0.082096, 0.009288, 5.905201, 38.897518, 37.202861, 0.972992, 0.155745, 0.123786, 0.009015],
				"total" : 83.367479
			},
			"cpu" : {
				"steps" : [0.319596, 0.042933, 22.229037, 153.885647, 137.497832, 3.666992, 0.600000, 0.490045, 0.025168],
				"total" : 318.792972
			},
			"read_bandwidth" : [0.911897, 5.495397, 0.004610, 1.239237, 5.208517, 1.800900, 2.744065, 0.077778, 6.834853],
			"write_bandwidth" : [0.290149, 1.465439, 0.998966, 0.845362, 2.667392, 0.167877, 2.744065, 0.062223, 6.834853]
		},
		"2" : {
			"wall" : {
				"steps" : [0.150084, 0.015121, 8.409863, 72.217440, 61.814245, 1.745893, 0.255673, 0.206849, 0.012673],
				"total" : 144.841727
			},
			"cpu" : {
				"steps" : [0.296024, 0.033292, 16.126405, 143.434743, 118.885813, 3.350280, 0.512044, 0.402115, 0.013084],
				"total" : 283.078889
			},
			"read_bandwidth" : [0.488537, 3.306026, 0.003170, 0.653620, 3.069697, 0.993773, 1.626053, 0.045336, 4.735662],
			"write_bandwidth" : [0.155444, 0.881607, 0.686895, 0.445878, 1.572057, 0.092678, 1.626053, 0.036269, 4.735662]
		},
		"1" : {
			"wall" : {
				"steps" : [0.259211, 0.027642, 12.997260, 137.453572, 108.882315, 2.819829, 0.325752, 0.354790, 0.020145],
				"total" : 263.163962
			},
			"cpu" : {
				"steps" : [0.259186, 0.027647, 12.994731, 136.896644, 108.869803, 2.819400, 0.325697, 0.354726, 0.020149],
				"total" : 262.591315
			},
			"read_bandwidth" : [0.280192, 1.791478, 0.002032, 0.339543, 1.723080, 0.615554, 1.272954, 0.026373, 2.972679],
			"write_bandwidth" : [0.089152, 0.477727, 0.439450, 0.231623, 0.882426, 0.057295, 1.272954, 0.021099, 2.972679]
		}
	}
}