{
	"rule" : "erase_create",
	"command" : "./scaling_test.out -r erase_create -n 15 -s 14 --safety-margin .1 --seed 0 ",
	"memory_bandwidth" : 	{
		"memcpy" : 12.219657,
		"multithreaded" : 9.743930,
		"singlethreaded" : 6.383739
	},
	"results" : {
		"16" : {
			"wall" : {
				"steps" : [0.022642, 0.003072, 3.965083, 9.703109, 1.444349, 2.715864, 0.116571, 0.057688, 0.004144],
				"total" : 18.036107
			},
			"cpu" : {
				"steps" : [0.243920, 0.078142, 52.792107, 139.047048, 13.874625, 39.143806, 1.176028, 0.638739, 0.022035],
				"total" : 247.020844
			},
			"read_bandwidth" : [2.526763, 12.696740, 0.005247, 2.829982, 76.401521, 5.910080, 2.556929, 0.121365, 10.812287],
			"write_bandwidth" : [0.803970, 3.385797, 0.848597, 1.929911, 39.126839, 0.496925, 2.556929, 0.097092, 10.812287]
		},
		"8" : {
			"wall" : {
				"steps" : [0.035946, 0.004822, 2.667404, 10.925421, 1.368075, 3.834349, 0.082153, 0.071425, 0.004957],
				"total" : 18.999077
			},
			"cpu" : {
				"steps" : [0.299884, 0.022070, 19.764803, 84.765919, 7.376067, 29.807220, 0.576560, 0.572170, 0.024308],
				"total" : 143.237620
			},
			"read_bandwidth" : [1.591574, 8.088703, 0.007799, 2.294812, 73.636978, 3.821567, 3.628174, 0.098023, 9.038579],
			"write_bandwidth" : [0.506410, 2.156987, 1.152266, 1.564738, 37.711058, 0.321593, 3.628174, 0.078418, 9.038579]
		},
		"4" : {
			"wall" : {
				"steps" : [0.056450, 0.007917, 3.009512, 19.309487, 2.003142, 6.766655, 0.074120, 0.103755, 0.006078],
				"total" : 31.343109
			},
			"cpu" : {
				"steps" : [0.179862, 0.052302, 11.327594, 76.138980, 6.232982, 26.108879, 0.254426, 0.408886, 0.036374],
				"total" : 120.746656
			},
			"read_bandwidth" : [1.013484, 4.927127, 0.006913, 1.293645, 50.106258, 2.157531, 4.021380, 0.067479, 7.372766],
			"write_bandwidth" : [0.322472, 1.313901, 1.017546, 0.882078, 25.660477, 0.181568, 4.021380, 0.053983, 7.372766]
		},
		"2" : {
			"wall" : {
				"steps" : [0.109539, 0.014031, 5.479887, 45.943530, 3.843503, 15.143701, 0.124207, 0.185586, 0.008931],
				"total" : 70.863316
			},
			"cpu" : {
				"steps" : [0.213712, 0.030151, 10.379870, 91.622191, 6.962508, 29.832100, 0.229152, 0.377004, 0.013801],
				"total" : 139.684727
			},
			"read_bandwidth" : [0.522293, 2.780028, 0.003796, 0.691250, 33.212048, 1.226078, 2.399742, 0.037725, 5.017063],
			"write_bandwidth" : [0.166184, 0.741341, 0.709687, 0.471490, 17.008594, 0.102966, 2.399742, 0.030180, 5.017063]
		},
		"1" : {
			"wall" : {
				"steps" : [0.186640, 0.024125, 8.752046, 87.230014, 6.214259, 26.313577, 0.172888, 0.310356, 0.013603],
				"total" : 129.234688
			},
			"cpu" : {
				"steps" : [0.186615, 0.024125, 8.750332, 87.220087, 6.212920, 26.310995, 0.172879, 0.310349, 0.013606],
				"total" : 129.218946
			},
			"read_bandwidth" : [0.306533, 1.616909, 0.002377, 0.366437, 20.674891, 0.710199, 1.724039, 0.022559, 3.293885],
			"write_bandwidth" : [0.097533, 0.431176, 0.447222, 0.249943, 10.588050, 0.059639, 1.724039, 0.018047, 3.293885]
		}
	}
}