{
        "command" : "./scaling_test.out 8,seed=0|11|step;erase_create,theta=0.25",
        "results" : {
                "64" : {
                        "steps" : [0.005696, 0.401293, 1.265955, 3.204729, 0.007430, 0.065937, 0.022923, 0.002315],
                        "total" : 4.979302
                },
                "32" : {
                        "steps" : [0.008112, 0.529471, 2.301745, 3.616348, 0.006299, 0.058116, 0.025010, 0.001793],
                        "total" : 6.551237
                },
                "16" : {
                        "steps" : [0.014665, 0.857481, 4.498717, 9.051698, 0.006320, 0.099173, 0.039513, 0.002463],
                        "total" : 14.577334
                },
                "8" : {
                        "steps" : [0.028976, 1.312725, 9.044988, 16.526320, 0.006282, 0.150548, 0.071423, 0.003890],
                        "total" : 27.159134
                },
                "4" : {
                        "steps" : [0.055919, 1.363878, 17.795564, 16.881861, 0.006425, 0.250022, 0.124517, 0.004759],
                        "total" : 36.498940
                },
                "2" : {
                        "steps" : [0.105325, 1.446668, 34.007352, 15.385125, 0.006692, 0.544076, 0.229552, 0.007832],
                        "total" : 51.762140
                },
                "1" : {
                        "steps" : [0.218791, 2.345529, 73.254353, 13.874014, 0.006420, 0.839011, 0.465005, 0.015058],
                        "total" : 91.077609
                }
        }
}