{
        "command" : "./scaling_test.out 8,seed=0|10|step;split_merge,theta=0.25",
        "results" : {
                "64" : {
                        "steps" : [0.086406, 0.240503, 1.392612, 0.331037, 1.079000, 1.642741, 0.988390, 0.025707],
                        "total" : 5.838336
                },
                "32" : {
                        "steps" : [0.123448, 0.369526, 2.623345, 0.370235, 1.939578, 2.530410, 1.409582, 0.042610],
                        "total" : 9.481776
                },
                "16" : {
                        "steps" : [0.236972, 0.530446, 5.207028, 0.854075, 3.590294, 4.247808, 2.094676, 0.067078],
                        "total" : 16.959545
                },
                "8" : {
                        "steps" : [0.467077, 0.967942, 10.330942, 1.489296, 5.954821, 7.725274, 3.836104, 0.129541],
                        "total" : 31.156372
                },
                "4" : {
                        "steps" : [0.915482, 1.079617, 20.502918, 1.482524, 9.276683, 13.639313, 7.115546, 0.131552],
                        "total" : 54.637376
                },
                "2" : {
                        "steps" : [1.756901, 1.168097, 40.796088, 1.705613, 16.722722, 26.528260, 14.138514, 0.199665],
                        "total" : 103.951722
                },
                "1" : {
                        "steps" : [3.471895, 1.909243, 81.371674, 2.131938, 31.110956, 50.652999, 28.047962, 0.393157],
                        "total" : 200.896979
                }
        }
}