{
	"rule" : "erase_create",
	"command" : "./scaling_test.out -v 1 -r erase_create -n 10 -s 14 --safety-margin 0.2 --seed 0 ",
	"memory_bandwidth" : 	{
		"memcpy" : 16.196858,
		"multithreaded" : 34.601009,
		"singlethreaded" : 15.463385
	},
	"results" : {
		"32" : {
			"wall" : {
				"steps" : [0.126479, 0.012427, 20.098236, 33.745287, 280.888841, 1.312283, 0.593214, 0.184216, 0.022014],
				"total" : 336.999533
			},
			"cpu" : {
				"steps" : [4.311887, 0.182694, 420.641184, 1038.769521, 8351.763776, 35.628298, 14.218572, 4.921241, 0.040189],
				"total" : 9870.646722
			},
			"read_bandwidth" : [5.380610, 37.338588, 0.012313, 14.711264, 7.105478, 2.150573, 7.443417, 0.482199, 25.825100],
			"write_bandwidth" : [1.712012, 9.956957, 3.021547, 10.036650, 3.638866, 0.320803, 7.443417, 0.385759, 25.825100]
		},
		"16" : {
			"wall" : {
				"steps" : [0.226939, 0.018371, 23.991264, 64.891477, 370.866473, 2.222507, 0.671496, 0.261752, 0.026446],
				"total" : 463.196241
			},
			"cpu" : {
				"steps" : [3.265289, 0.290275, 278.047808, 1020.639938, 5618.315947, 30.646312, 9.230777, 3.185325, 0.096687],
				"total" : 6964.008780
			},
			"read_bandwidth" : [2.998022, 25.250889, 0.010312, 7.649077, 5.380762, 1.269963, 6.575567, 0.339357, 21.496215],
			"write_bandwidth" : [0.953916, 6.733570, 2.530856, 5.218525, 2.755602, 0.189423, 6.575567, 0.271486, 21.496215]
		},
		"8" : {
			"wall" : {
				"steps" : [0.283579, 0.020466, 29.787424, 125.990386, 629.060724, 3.364490, 0.924633, 0.492127, 0.037312],
				"total" : 789.990900
			},
			"cpu" : {
				"steps" : [2.285553, 0.057052, 189.140883, 994.395358, 4841.004490, 24.410073, 6.511336, 2.999716, 0.211773],
				"total" : 6061.104363
			},
			"read_bandwidth" : [2.399671, 22.670935, 0.008307, 3.938968, 3.171697, 0.838808, 4.776181, 0.180526, 15.238836],
			"write_bandwidth" : [0.763532, 6.045583, 2.038033, 2.687330, 1.624294, 0.125129, 4.776181, 0.144421, 15.238836]
		},
		"4" : {
			"wall" : {
				"steps" : [0.448722, 0.036399, 40.809523, 248.213130, 1122.684114, 5.211728, 1.353180, 0.743539, 0.042353],
				"total" : 1419.581331
			},
			"cpu" : {
				"steps" : [1.770682, 0.159877, 141.690453, 984.266388, 4399.689640, 20.735089, 4.918945, 2.393903, 0.066052],
				"total" : 5555.850222
			},
			"read_bandwidth" : [1.516696, 12.748418, 0.006064, 2.000271, 1.777955, 0.541568, 3.263452, 0.119480, 13.424479],
			"write_bandwidth" : [0.482585, 3.399578, 1.488251, 1.364670, 0.910528, 0.080783, 3.263452, 0.095584, 13.424479]
		},
		"2" : {
			"wall" : {
				"steps" : [0.845653, 0.073397, 63.275292, 492.238973, 2124.109201, 7.854524, 1.949589, 1.037383, 0.078387],
				"total" : 2691.529887
			},
			"cpu" : {
				"steps" : [1.692558, 0.159866, 118.824538, 977.623361, 4219.796040, 15.568612, 3.732846, 1.981226, 0.123031],
				"total" : 5339.629361
			},
			"read_bandwidth" : [0.804727, 6.321626, 0.003911, 1.008512, 0.939604, 0.359288, 2.265425, 0.085648, 7.254273],
			"write_bandwidth" : [0.256050, 1.685767, 0.959725, 0.688050, 0.481191, 0.053600, 2.265425, 0.068519, 7.254273]
		},
		"1" : {
			"wall" : {
				"steps" : [1.687868, 0.145110, 93.491685, 975.981058, 3575.493387, 10.641125, 2.704964, 1.887749, 0.155626],
				"total" : 4662.322566
			},
			"cpu" : {
				"steps" : [1.687400, 0.145036, 93.412021, 975.675936, 3572.471753, 10.631851, 2.703171, 1.886208, 0.155511],
				"total" : 4658.902654
			},
			"read_bandwidth" : [0.405913, 3.219164, 0.002665, 0.511741, 0.561585, 0.265232, 1.659186, 0.047791, 3.710101],
			"write_bandwidth" : [0.129154, 0.858444, 0.653491, 0.349128, 0.287600, 0.039771, 1.659186, 0.038233, 3.710101]
		}
	}
}